_id,timestamp,device_id,screen_status
3202,1760941801952.0,0adab909-eb8f-4baf-9eed-7a4cc889cb7c,1
3203,1760941815839.0,0adab909-eb8f-4baf-9eed-7a4cc889cb7c,0
3204,1760941815872.0,0adab909-eb8f-4baf-9eed-7a4cc889cb7c,2
3205,1760947143120.0,0adab909-eb8f-4baf-9eed-7a4cc889cb7c,1
3206,1760947145293.0,0adab909-eb8f-4baf-9eed-7a4cc889cb7c,0
3207,1760947145305.0,0adab909-eb8f-4baf-9eed-7a4cc889cb7c,2
3208,1760947145464.0,0adab909-eb8f-4baf-9eed-7a4cc889cb7c,1
3209,1760947147265.0,0adab909-eb8f-4baf-9eed-7a4cc889cb7c,0
3210,1760947147280.0,0adab909-eb8f-4baf-9eed-7a4cc889cb7c,2
3211,1760947193717.0,0adab909-eb8f-4baf-9eed-7a4cc889cb7c,1
3212,1760947195910.0,0adab909-eb8f-4baf-9eed-7a4cc889cb7c,3
3213,1760948269951.0,0adab909-eb8f-4baf-9eed-7a4cc889cb7c,0
3214,1760948269976.0,0adab909-eb8f-4baf-9eed-7a4cc889cb7c,2
3215,1760948432356.0,0adab909-eb8f-4baf-9eed-7a4cc889cb7c,1
3216,1760948434239.0,0adab909-eb8f-4baf-9eed-7a4cc889cb7c,3
3217,1760949425918.0,0adab909-eb8f-4baf-9eed-7a4cc889cb7c,0
3218,1760951444911.0,0adab909-eb8f-4baf-9eed-7a4cc889cb7c,1
3219,1760951448399.0,0adab909-eb8f-4baf-9eed-7a4cc889cb7c,3
3220,1760952563702.0,0adab909-eb8f-4baf-9eed-7a4cc889cb7c,0
3221,1760952563717.0,0adab909-eb8f-4baf-9eed-7a4cc889cb7c,2
3222,1760952794172.0,0adab909-eb8f-4baf-9eed-7a4cc889cb7c,1
3223,1760952796806.0,0adab909-eb8f-4baf-9eed-7a4cc889cb7c,3
3224,1760953673787.0,0adab909-eb8f-4baf-9eed-7a4cc889cb7c,0
3225,1760953673809.0,0adab909-eb8f-4baf-9eed-7a4cc889cb7c,2
3226,1760953921988.0,0adab909-eb8f-4baf-9eed-7a4cc889cb7c,1
3227,1760953924314.0,0adab909-eb8f-4baf-9eed-7a4cc889cb7c,3
3228,1760954099979.0,0adab909-eb8f-4baf-9eed-7a4cc889cb7c,0
3229,1760954099998.0,0adab909-eb8f-4baf-9eed-7a4cc889cb7c,2
3230,1760954393047.0,0adab909-eb8f-4baf-9eed-7a4cc889cb7c,1
3231,1760954395499.0,0adab909-eb8f-4baf-9eed-7a4cc889cb7c,3
3232,1760954407240.0,0adab909-eb8f-4baf-9eed-7a4cc889cb7c,0
3233,1760954407267.0,0adab909-eb8f-4baf-9eed-7a4cc889cb7c,2
3234,1760954444075.0,0adab909-eb8f-4baf-9eed-7a4cc889cb7c,1
3235,1760954446118.0,0adab909-eb8f-4baf-9eed-7a4cc889cb7c,3
3236,1760954477819.0,0adab909-eb8f-4baf-9eed-7a4cc889cb7c,0
3237,1760954477843.0,0adab909-eb8f-4baf-9eed-7a4cc889cb7c,2
3238,1760954509711.0,0adab909-eb8f-4baf-9eed-7a4cc889cb7c,1
3239,1760954512591.0,0adab909-eb8f-4baf-9eed-7a4cc889cb7c,3
3240,1760954541367.0,0adab909-eb8f-4baf-9eed-7a4cc889cb7c,0
3241,1760954541396.0,0adab909-eb8f-4baf-9eed-7a4cc889cb7c,2
3242,1760954551129.0,0adab909-eb8f-4baf-9eed-7a4cc889cb7c,1
3243,1760954552406.0,0adab909-eb8f-4baf-9eed-7a4cc889cb7c,3
3244,1760954794568.0,0adab909-eb8f-4baf-9eed-7a4cc889cb7c,0
3245,1760954794589.0,0adab909-eb8f-4baf-9eed-7a4cc889cb7c,2
3246,1760955539765.0,0adab909-eb8f-4baf-9eed-7a4cc889cb7c,1
3247,1760955542029.0,0adab909-eb8f-4baf-9eed-7a4cc889cb7c,3
3248,1760955567385.0,0adab909-eb8f-4baf-9eed-7a4cc889cb7c,0
3249,1760955567402.0,0adab909-eb8f-4baf-9eed-7a4cc889cb7c,2
3250,1760956310317.0,0adab909-eb8f-4baf-9eed-7a4cc889cb7c,1
3251,1760956312543.0,0adab909-eb8f-4baf-9eed-7a4cc889cb7c,3
3252,1760956395459.0,0adab909-eb8f-4baf-9eed-7a4cc889cb7c,0
3253,1760956395481.0,0adab909-eb8f-4baf-9eed-7a4cc889cb7c,2
3254,1760956823096.0,0adab909-eb8f-4baf-9eed-7a4cc889cb7c,1
3255,1760956826676.0,0adab909-eb8f-4baf-9eed-7a4cc889cb7c,3
3256,1760956894376.0,0adab909-eb8f-4baf-9eed-7a4cc889cb7c,0
3257,1760956894398.0,0adab909-eb8f-4baf-9eed-7a4cc889cb7c,2
3258,1760957283489.0,0adab909-eb8f-4baf-9eed-7a4cc889cb7c,1
3259,1760957285653.0,0adab909-eb8f-4baf-9eed-7a4cc889cb7c,3
3260,1760957400382.0,0adab909-eb8f-4baf-9eed-7a4cc889cb7c,0
3261,1760957400406.0,0adab909-eb8f-4baf-9eed-7a4cc889cb7c,2
3262,1760957777977.0,0adab909-eb8f-4baf-9eed-7a4cc889cb7c,1
3263,1760957780278.0,0adab909-eb8f-4baf-9eed-7a4cc889cb7c,3
3264,1760957805165.0,0adab909-eb8f-4baf-9eed-7a4cc889cb7c,0
3265,1760957805188.0,0adab909-eb8f-4baf-9eed-7a4cc889cb7c,2
3266,1760958970099.0,0adab909-eb8f-4baf-9eed-7a4cc889cb7c,1
3267,1760958973549.0,0adab909-eb8f-4baf-9eed-7a4cc889cb7c,3
3268,1760959018200.0,0adab909-eb8f-4baf-9eed-7a4cc889cb7c,0
3269,1760959018215.0,0adab909-eb8f-4baf-9eed-7a4cc889cb7c,2
3270,1760959096772.0,0adab909-eb8f-4baf-9eed-7a4cc889cb7c,1
3271,1760959099693.0,0adab909-eb8f-4baf-9eed-7a4cc889cb7c,3
3272,1760959206907.0,0adab909-eb8f-4baf-9eed-7a4cc889cb7c,0
3273,1760959206929.0,0adab909-eb8f-4baf-9eed-7a4cc889cb7c,2
3274,1760959349428.0,0adab909-eb8f-4baf-9eed-7a4cc889cb7c,1
3275,1760959354417.0,0adab909-eb8f-4baf-9eed-7a4cc889cb7c,3
3276,1760959768459.0,0adab909-eb8f-4baf-9eed-7a4cc889cb7c,0
3277,1760959768477.0,0adab909-eb8f-4baf-9eed-7a4cc889cb7c,2
3278,1760962975419.0,0adab909-eb8f-4baf-9eed-7a4cc889cb7c,1
3279,1760962978074.0,0adab909-eb8f-4baf-9eed-7a4cc889cb7c,3
3280,1760963299742.0,0adab909-eb8f-4baf-9eed-7a4cc889cb7c,0
3281,1760963299759.0,0adab909-eb8f-4baf-9eed-7a4cc889cb7c,2
3282,1760963333736.0,0adab909-eb8f-4baf-9eed-7a4cc889cb7c,1
3283,1760963337896.0,0adab909-eb8f-4baf-9eed-7a4cc889cb7c,3
3284,1760964285011.0,0adab909-eb8f-4baf-9eed-7a4cc889cb7c,0
3285,1760964285066.0,0adab909-eb8f-4baf-9eed-7a4cc889cb7c,2
3286,1760964297731.0,0adab909-eb8f-4baf-9eed-7a4cc889cb7c,1
3287,1760964302426.0,0adab909-eb8f-4baf-9eed-7a4cc889cb7c,3
3288,1760964378748.0,0adab909-eb8f-4baf-9eed-7a4cc889cb7c,0
3289,1760964378780.0,0adab909-eb8f-4baf-9eed-7a4cc889cb7c,2
3290,1760965440436.0,0adab909-eb8f-4baf-9eed-7a4cc889cb7c,1
3291,1760965443048.0,0adab909-eb8f-4baf-9eed-7a4cc889cb7c,3
3292,1760965626022.0,0adab909-eb8f-4baf-9eed-7a4cc889cb7c,0
3293,1760965626048.0,0adab909-eb8f-4baf-9eed-7a4cc889cb7c,2
3294,1760965748755.0,0adab909-eb8f-4baf-9eed-7a4cc889cb7c,1
3295,1760965750819.0,0adab909-eb8f-4baf-9eed-7a4cc889cb7c,3
3296,1760966241979.0,0adab909-eb8f-4baf-9eed-7a4cc889cb7c,0
3297,1760966242007.0,0adab909-eb8f-4baf-9eed-7a4cc889cb7c,2
3298,1760966325826.0,0adab909-eb8f-4baf-9eed-7a4cc889cb7c,1
3299,1760966328379.0,0adab909-eb8f-4baf-9eed-7a4cc889cb7c,3
3300,1760966718942.0,0adab909-eb8f-4baf-9eed-7a4cc889cb7c,0
3301,1760966718972.0,0adab909-eb8f-4baf-9eed-7a4cc889cb7c,2
3302,1760967169626.0,0adab909-eb8f-4baf-9eed-7a4cc889cb7c,1
3303,1760967172273.0,0adab909-eb8f-4baf-9eed-7a4cc889cb7c,3
3304,1760968791098.0,0adab909-eb8f-4baf-9eed-7a4cc889cb7c,0
3305,1760968791130.0,0adab909-eb8f-4baf-9eed-7a4cc889cb7c,2
3306,1760968895729.0,0adab909-eb8f-4baf-9eed-7a4cc889cb7c,1
3307,1760968898861.0,0adab909-eb8f-4baf-9eed-7a4cc889cb7c,3
3308,1760969082411.0,0adab909-eb8f-4baf-9eed-7a4cc889cb7c,0
3309,1760969082435.0,0adab909-eb8f-4baf-9eed-7a4cc889cb7c,2
3310,1760969095775.0,0adab909-eb8f-4baf-9eed-7a4cc889cb7c,1
3311,1760969110252.0,0adab909-eb8f-4baf-9eed-7a4cc889cb7c,0
3312,1760969110270.0,0adab909-eb8f-4baf-9eed-7a4cc889cb7c,2
3313,1760969114233.0,0adab909-eb8f-4baf-9eed-7a4cc889cb7c,1
3314,1760969115289.0,0adab909-eb8f-4baf-9eed-7a4cc889cb7c,3
3315,1760970735571.0,0adab909-eb8f-4baf-9eed-7a4cc889cb7c,0
3316,1760970735615.0,0adab909-eb8f-4baf-9eed-7a4cc889cb7c,2
3317,1760970927815.0,0adab909-eb8f-4baf-9eed-7a4cc889cb7c,1
3318,1760970931196.0,0adab909-eb8f-4baf-9eed-7a4cc889cb7c,3
3319,1760971064595.0,0adab909-eb8f-4baf-9eed-7a4cc889cb7c,0
3320,1760971064622.0,0adab909-eb8f-4baf-9eed-7a4cc889cb7c,2
3321,1760971248405.0,0adab909-eb8f-4baf-9eed-7a4cc889cb7c,1
3322,1760971252517.0,0adab909-eb8f-4baf-9eed-7a4cc889cb7c,3
3323,1760971519940.0,0adab909-eb8f-4baf-9eed-7a4cc889cb7c,0
3324,1760971519986.0,0adab909-eb8f-4baf-9eed-7a4cc889cb7c,2
3325,1760971532154.0,0adab909-eb8f-4baf-9eed-7a4cc889cb7c,1
3326,1760971535997.0,0adab909-eb8f-4baf-9eed-7a4cc889cb7c,3
3327,1760971979282.0,0adab909-eb8f-4baf-9eed-7a4cc889cb7c,0
3328,1760971979302.0,0adab909-eb8f-4baf-9eed-7a4cc889cb7c,2
3329,1760972416983.0,0adab909-eb8f-4baf-9eed-7a4cc889cb7c,1
3330,1760972419584.0,0adab909-eb8f-4baf-9eed-7a4cc889cb7c,3
3331,1760972524153.0,0adab909-eb8f-4baf-9eed-7a4cc889cb7c,0
3332,1760972524179.0,0adab909-eb8f-4baf-9eed-7a4cc889cb7c,2
3333,1760979020809.0,0adab909-eb8f-4baf-9eed-7a4cc889cb7c,1
3334,1760979022946.0,0adab909-eb8f-4baf-9eed-7a4cc889cb7c,3
3335,1760980987656.0,0adab909-eb8f-4baf-9eed-7a4cc889cb7c,0
3336,1760980987679.0,0adab909-eb8f-4baf-9eed-7a4cc889cb7c,2
3337,1760980990693.0,0adab909-eb8f-4baf-9eed-7a4cc889cb7c,1
3338,1760980993181.0,0adab909-eb8f-4baf-9eed-7a4cc889cb7c,0
3339,1760980993207.0,0adab909-eb8f-4baf-9eed-7a4cc889cb7c,2
3340,1760981146517.0,0adab909-eb8f-4baf-9eed-7a4cc889cb7c,1
3341,1760981149787.0,0adab909-eb8f-4baf-9eed-7a4cc889cb7c,3
3342,1760981161252.0,0adab909-eb8f-4baf-9eed-7a4cc889cb7c,0
3343,1760981161269.0,0adab909-eb8f-4baf-9eed-7a4cc889cb7c,2
3344,1760982790809.0,0adab909-eb8f-4baf-9eed-7a4cc889cb7c,1
3345,1760982792507.0,0adab909-eb8f-4baf-9eed-7a4cc889cb7c,3
3346,1760982855118.0,0adab909-eb8f-4baf-9eed-7a4cc889cb7c,0
3347,1760982855153.0,0adab909-eb8f-4baf-9eed-7a4cc889cb7c,2
3348,1760985048125.0,0adab909-eb8f-4baf-9eed-7a4cc889cb7c,1
3349,1760985050314.0,0adab909-eb8f-4baf-9eed-7a4cc889cb7c,0
3350,1760985050325.0,0adab909-eb8f-4baf-9eed-7a4cc889cb7c,2
3351,1760985054126.0,0adab909-eb8f-4baf-9eed-7a4cc889cb7c,1
3352,1760985062260.0,0adab909-eb8f-4baf-9eed-7a4cc889cb7c,3
3353,1760985673619.0,0adab909-eb8f-4baf-9eed-7a4cc889cb7c,0
3354,1760991778220.0,0adab909-eb8f-4baf-9eed-7a4cc889cb7c,1
3355,1760991784295.0,0adab909-eb8f-4baf-9eed-7a4cc889cb7c,3
3356,1761000419436.0,0adab909-eb8f-4baf-9eed-7a4cc889cb7c,0
3357,1761000419464.0,0adab909-eb8f-4baf-9eed-7a4cc889cb7c,2
3358,1761028202767.0,0adab909-eb8f-4baf-9eed-7a4cc889cb7c,1
3359,1761028214568.0,0adab909-eb8f-4baf-9eed-7a4cc889cb7c,0
3360,1761028214579.0,0adab909-eb8f-4baf-9eed-7a4cc889cb7c,2
3361,1761032754521.0,0adab909-eb8f-4baf-9eed-7a4cc889cb7c,1
3362,1761032760950.0,0adab909-eb8f-4baf-9eed-7a4cc889cb7c,0
3363,1761032760965.0,0adab909-eb8f-4baf-9eed-7a4cc889cb7c,2
3364,1761032780639.0,0adab909-eb8f-4baf-9eed-7a4cc889cb7c,1
3365,1761032787215.0,0adab909-eb8f-4baf-9eed-7a4cc889cb7c,0
3366,1761032787229.0,0adab909-eb8f-4baf-9eed-7a4cc889cb7c,2
3367,1761032795086.0,0adab909-eb8f-4baf-9eed-7a4cc889cb7c,1
3368,1761032797283.0,0adab909-eb8f-4baf-9eed-7a4cc889cb7c,3
3369,1761034131837.0,0adab909-eb8f-4baf-9eed-7a4cc889cb7c,0
3370,1761034131861.0,0adab909-eb8f-4baf-9eed-7a4cc889cb7c,2
3371,1761034204832.0,0adab909-eb8f-4baf-9eed-7a4cc889cb7c,1
3372,1761034207252.0,0adab909-eb8f-4baf-9eed-7a4cc889cb7c,3
3373,1761039585460.0,0adab909-eb8f-4baf-9eed-7a4cc889cb7c,0
3374,1761039585478.0,0adab909-eb8f-4baf-9eed-7a4cc889cb7c,2
3375,1761040805034.0,0adab909-eb8f-4baf-9eed-7a4cc889cb7c,1
3376,1761040806252.0,0adab909-eb8f-4baf-9eed-7a4cc889cb7c,3
3377,1761041540633.0,0adab909-eb8f-4baf-9eed-7a4cc889cb7c,0
3378,1761044076929.0,0adab909-eb8f-4baf-9eed-7a4cc889cb7c,1
3379,1761044080901.0,0adab909-eb8f-4baf-9eed-7a4cc889cb7c,3
3380,1761046519611.0,0adab909-eb8f-4baf-9eed-7a4cc889cb7c,0
3381,1761046519632.0,0adab909-eb8f-4baf-9eed-7a4cc889cb7c,2
3382,1761046731929.0,0adab909-eb8f-4baf-9eed-7a4cc889cb7c,1
3383,1761046733244.0,0adab909-eb8f-4baf-9eed-7a4cc889cb7c,3
3384,1761047337012.0,0adab909-eb8f-4baf-9eed-7a4cc889cb7c,0
3385,1761047901412.0,0adab909-eb8f-4baf-9eed-7a4cc889cb7c,1
3386,1761047903813.0,0adab909-eb8f-4baf-9eed-7a4cc889cb7c,3
3387,1761049003375.0,0adab909-eb8f-4baf-9eed-7a4cc889cb7c,0
3388,1761055459655.0,0adab909-eb8f-4baf-9eed-7a4cc889cb7c,1
3389,1761055511526.0,0adab909-eb8f-4baf-9eed-7a4cc889cb7c,0
3390,1761055511547.0,0adab909-eb8f-4baf-9eed-7a4cc889cb7c,2
3391,1761057190889.0,0adab909-eb8f-4baf-9eed-7a4cc889cb7c,1
3392,1761057192398.0,0adab909-eb8f-4baf-9eed-7a4cc889cb7c,3
3393,1761057546183.0,0adab909-eb8f-4baf-9eed-7a4cc889cb7c,0
3394,1761057546205.0,0adab909-eb8f-4baf-9eed-7a4cc889cb7c,2
3395,1761057601149.0,0adab909-eb8f-4baf-9eed-7a4cc889cb7c,1
3396,1761057603958.0,0adab909-eb8f-4baf-9eed-7a4cc889cb7c,3
3397,1761066438905.0,0adab909-eb8f-4baf-9eed-7a4cc889cb7c,0
3398,1761066438927.0,0adab909-eb8f-4baf-9eed-7a4cc889cb7c,2
3399,1761067528208.0,0adab909-eb8f-4baf-9eed-7a4cc889cb7c,1
3400,1761067534751.0,0adab909-eb8f-4baf-9eed-7a4cc889cb7c,0
3401,1761067534767.0,0adab909-eb8f-4baf-9eed-7a4cc889cb7c,2
3402,1761067538681.0,0adab909-eb8f-4baf-9eed-7a4cc889cb7c,1
3403,1761067540074.0,0adab909-eb8f-4baf-9eed-7a4cc889cb7c,3
3404,1761068145393.0,0adab909-eb8f-4baf-9eed-7a4cc889cb7c,0
3405,1761068732767.0,0adab909-eb8f-4baf-9eed-7a4cc889cb7c,1
3406,1761068735258.0,0adab909-eb8f-4baf-9eed-7a4cc889cb7c,3
3407,1761068785513.0,0adab909-eb8f-4baf-9eed-7a4cc889cb7c,0
3408,1761068785527.0,0adab909-eb8f-4baf-9eed-7a4cc889cb7c,2
3409,1761068909538.0,0adab909-eb8f-4baf-9eed-7a4cc889cb7c,1
3410,1761068912711.0,0adab909-eb8f-4baf-9eed-7a4cc889cb7c,3
3411,1761068936799.0,0adab909-eb8f-4baf-9eed-7a4cc889cb7c,0
3412,1761068936820.0,0adab909-eb8f-4baf-9eed-7a4cc889cb7c,2
3413,1761068969614.0,0adab909-eb8f-4baf-9eed-7a4cc889cb7c,1
3414,1761068972568.0,0adab909-eb8f-4baf-9eed-7a4cc889cb7c,3
3415,1761069577136.0,0adab909-eb8f-4baf-9eed-7a4cc889cb7c,0
3416,1761072198674.0,0adab909-eb8f-4baf-9eed-7a4cc889cb7c,1
3417,1761072202614.0,0adab909-eb8f-4baf-9eed-7a4cc889cb7c,3
3418,1761073030065.0,0adab909-eb8f-4baf-9eed-7a4cc889cb7c,0
3419,1761073645101.0,0adab909-eb8f-4baf-9eed-7a4cc889cb7c,1
3420,1761073654904.0,0adab909-eb8f-4baf-9eed-7a4cc889cb7c,3
3421,1761073840624.0,0adab909-eb8f-4baf-9eed-7a4cc889cb7c,0
3422,1761073840645.0,0adab909-eb8f-4baf-9eed-7a4cc889cb7c,2
3423,1761073908629.0,0adab909-eb8f-4baf-9eed-7a4cc889cb7c,1
3424,1761073909725.0,0adab909-eb8f-4baf-9eed-7a4cc889cb7c,3
3425,1761077376568.0,0adab909-eb8f-4baf-9eed-7a4cc889cb7c,0
3426,1761077376587.0,0adab909-eb8f-4baf-9eed-7a4cc889cb7c,2
3427,1761077721345.0,0adab909-eb8f-4baf-9eed-7a4cc889cb7c,1
3428,1761077727601.0,0adab909-eb8f-4baf-9eed-7a4cc889cb7c,3
3429,1761081310900.0,0adab909-eb8f-4baf-9eed-7a4cc889cb7c,0
3430,1761081310918.0,0adab909-eb8f-4baf-9eed-7a4cc889cb7c,2
3431,1761082957881.0,0adab909-eb8f-4baf-9eed-7a4cc889cb7c,1
3432,1761082964174.0,0adab909-eb8f-4baf-9eed-7a4cc889cb7c,0
3433,1761082964189.0,0adab909-eb8f-4baf-9eed-7a4cc889cb7c,2
3434,1761114601698.0,0adab909-eb8f-4baf-9eed-7a4cc889cb7c,1
3435,1761114613922.0,0adab909-eb8f-4baf-9eed-7a4cc889cb7c,0
3436,1761114613935.0,0adab909-eb8f-4baf-9eed-7a4cc889cb7c,2
3437,1761116987571.0,0adab909-eb8f-4baf-9eed-7a4cc889cb7c,1
3438,1761116989915.0,0adab909-eb8f-4baf-9eed-7a4cc889cb7c,0
3439,1761116989934.0,0adab909-eb8f-4baf-9eed-7a4cc889cb7c,2
3440,1761117019425.0,0adab909-eb8f-4baf-9eed-7a4cc889cb7c,1
3441,1761117023579.0,0adab909-eb8f-4baf-9eed-7a4cc889cb7c,3
3442,1761118439138.0,0adab909-eb8f-4baf-9eed-7a4cc889cb7c,0
3443,1761118439176.0,0adab909-eb8f-4baf-9eed-7a4cc889cb7c,2
3444,1761118490775.0,0adab909-eb8f-4baf-9eed-7a4cc889cb7c,1
3445,1761118491852.0,0adab909-eb8f-4baf-9eed-7a4cc889cb7c,3
3446,1761120461834.0,0adab909-eb8f-4baf-9eed-7a4cc889cb7c,0
3447,1761120461850.0,0adab909-eb8f-4baf-9eed-7a4cc889cb7c,2
3448,1761123186381.0,0adab909-eb8f-4baf-9eed-7a4cc889cb7c,1
3449,1761123187457.0,0adab909-eb8f-4baf-9eed-7a4cc889cb7c,3
3450,1761129371650.0,0adab909-eb8f-4baf-9eed-7a4cc889cb7c,0
3451,1761129371687.0,0adab909-eb8f-4baf-9eed-7a4cc889cb7c,2
3452,1761129500304.0,0adab909-eb8f-4baf-9eed-7a4cc889cb7c,1
3453,1761129503106.0,0adab909-eb8f-4baf-9eed-7a4cc889cb7c,3
3454,1761129611342.0,0adab909-eb8f-4baf-9eed-7a4cc889cb7c,0
3455,1761129611393.0,0adab909-eb8f-4baf-9eed-7a4cc889cb7c,2
3456,1761129935175.0,0adab909-eb8f-4baf-9eed-7a4cc889cb7c,1
3457,1761129937885.0,0adab909-eb8f-4baf-9eed-7a4cc889cb7c,3
3458,1761130033095.0,0adab909-eb8f-4baf-9eed-7a4cc889cb7c,0
3459,1761130033109.0,0adab909-eb8f-4baf-9eed-7a4cc889cb7c,2
3460,1761130298469.0,0adab909-eb8f-4baf-9eed-7a4cc889cb7c,1
3461,1761130301271.0,0adab909-eb8f-4baf-9eed-7a4cc889cb7c,3
3462,1761130347821.0,0adab909-eb8f-4baf-9eed-7a4cc889cb7c,0
3463,1761130347848.0,0adab909-eb8f-4baf-9eed-7a4cc889cb7c,2
3464,1761130523486.0,0adab909-eb8f-4baf-9eed-7a4cc889cb7c,1
3465,1761130525895.0,0adab909-eb8f-4baf-9eed-7a4cc889cb7c,3
3466,1761130563144.0,0adab909-eb8f-4baf-9eed-7a4cc889cb7c,0
3467,1761130563160.0,0adab909-eb8f-4baf-9eed-7a4cc889cb7c,2
3468,1761130789756.0,0adab909-eb8f-4baf-9eed-7a4cc889cb7c,1
3469,1761130793915.0,0adab909-eb8f-4baf-9eed-7a4cc889cb7c,3
3470,1761131302775.0,0adab909-eb8f-4baf-9eed-7a4cc889cb7c,0
3471,1761131302807.0,0adab909-eb8f-4baf-9eed-7a4cc889cb7c,2
3472,1761131689941.0,0adab909-eb8f-4baf-9eed-7a4cc889cb7c,1
3473,1761131691377.0,0adab909-eb8f-4baf-9eed-7a4cc889cb7c,3
3474,1761131923897.0,0adab909-eb8f-4baf-9eed-7a4cc889cb7c,0
3475,1761131923911.0,0adab909-eb8f-4baf-9eed-7a4cc889cb7c,2
3476,1761131924321.0,0adab909-eb8f-4baf-9eed-7a4cc889cb7c,1
3477,1761131927970.0,0adab909-eb8f-4baf-9eed-7a4cc889cb7c,3
3478,1761131944080.0,0adab909-eb8f-4baf-9eed-7a4cc889cb7c,0
3479,1761131944103.0,0adab909-eb8f-4baf-9eed-7a4cc889cb7c,2
3480,1761132513981.0,0adab909-eb8f-4baf-9eed-7a4cc889cb7c,1
3481,1761132516408.0,0adab909-eb8f-4baf-9eed-7a4cc889cb7c,3
3482,1761132719901.0,0adab909-eb8f-4baf-9eed-7a4cc889cb7c,0
3483,1761132719922.0,0adab909-eb8f-4baf-9eed-7a4cc889cb7c,2
3484,1761132846576.0,0adab909-eb8f-4baf-9eed-7a4cc889cb7c,1
3485,1761132847751.0,0adab909-eb8f-4baf-9eed-7a4cc889cb7c,3
3486,1761133109593.0,0adab909-eb8f-4baf-9eed-7a4cc889cb7c,0
3487,1761133109617.0,0adab909-eb8f-4baf-9eed-7a4cc889cb7c,2
3488,1761133568861.0,0adab909-eb8f-4baf-9eed-7a4cc889cb7c,1
3489,1761133569856.0,0adab909-eb8f-4baf-9eed-7a4cc889cb7c,3
3490,1761133705401.0,0adab909-eb8f-4baf-9eed-7a4cc889cb7c,0
3491,1761133705421.0,0adab909-eb8f-4baf-9eed-7a4cc889cb7c,2
3492,1761134207805.0,0adab909-eb8f-4baf-9eed-7a4cc889cb7c,1
3493,1761134210253.0,0adab909-eb8f-4baf-9eed-7a4cc889cb7c,3
3494,1761136194647.0,0adab909-eb8f-4baf-9eed-7a4cc889cb7c,0
3495,1761136194675.0,0adab909-eb8f-4baf-9eed-7a4cc889cb7c,2
3496,1761139035047.0,0adab909-eb8f-4baf-9eed-7a4cc889cb7c,1
3497,1761139038865.0,0adab909-eb8f-4baf-9eed-7a4cc889cb7c,3
3498,1761139862094.0,0adab909-eb8f-4baf-9eed-7a4cc889cb7c,0
3499,1761143025921.0,0adab909-eb8f-4baf-9eed-7a4cc889cb7c,1
3500,1761143069197.0,0adab909-eb8f-4baf-9eed-7a4cc889cb7c,3
3501,1761146042395.0,0adab909-eb8f-4baf-9eed-7a4cc889cb7c,0
3502,1761146042407.0,0adab909-eb8f-4baf-9eed-7a4cc889cb7c,2
3503,1761146048577.0,0adab909-eb8f-4baf-9eed-7a4cc889cb7c,1
3504,1761146050891.0,0adab909-eb8f-4baf-9eed-7a4cc889cb7c,3
3505,1761146142261.0,0adab909-eb8f-4baf-9eed-7a4cc889cb7c,0
3506,1761146142290.0,0adab909-eb8f-4baf-9eed-7a4cc889cb7c,2
3507,1761147309981.0,0adab909-eb8f-4baf-9eed-7a4cc889cb7c,1
3508,1761147335242.0,0adab909-eb8f-4baf-9eed-7a4cc889cb7c,0
3509,1761147335270.0,0adab909-eb8f-4baf-9eed-7a4cc889cb7c,2
3510,1761148354981.0,0adab909-eb8f-4baf-9eed-7a4cc889cb7c,1
3511,1761148358190.0,0adab909-eb8f-4baf-9eed-7a4cc889cb7c,3
3512,1761148362344.0,0adab909-eb8f-4baf-9eed-7a4cc889cb7c,0
3513,1761148362363.0,0adab909-eb8f-4baf-9eed-7a4cc889cb7c,2
3514,1761149127639.0,0adab909-eb8f-4baf-9eed-7a4cc889cb7c,1
3515,1761149147629.0,0adab909-eb8f-4baf-9eed-7a4cc889cb7c,0
3516,1761149147654.0,0adab909-eb8f-4baf-9eed-7a4cc889cb7c,2
3517,1761153112085.0,0adab909-eb8f-4baf-9eed-7a4cc889cb7c,1
3518,1761153115175.0,0adab909-eb8f-4baf-9eed-7a4cc889cb7c,3
3519,1761153198062.0,0adab909-eb8f-4baf-9eed-7a4cc889cb7c,0
3520,1761153198086.0,0adab909-eb8f-4baf-9eed-7a4cc889cb7c,2
3521,1761155729341.0,0adab909-eb8f-4baf-9eed-7a4cc889cb7c,1
3522,1761155731309.0,0adab909-eb8f-4baf-9eed-7a4cc889cb7c,3
3523,1761155859653.0,0adab909-eb8f-4baf-9eed-7a4cc889cb7c,0
3524,1761155859674.0,0adab909-eb8f-4baf-9eed-7a4cc889cb7c,2
3525,1761155860024.0,0adab909-eb8f-4baf-9eed-7a4cc889cb7c,1
3526,1761155862991.0,0adab909-eb8f-4baf-9eed-7a4cc889cb7c,3
3527,1761156098860.0,0adab909-eb8f-4baf-9eed-7a4cc889cb7c,0
3528,1761156098894.0,0adab909-eb8f-4baf-9eed-7a4cc889cb7c,2
3529,1761156632653.0,0adab909-eb8f-4baf-9eed-7a4cc889cb7c,1
3530,1761156633702.0,0adab909-eb8f-4baf-9eed-7a4cc889cb7c,3
3531,1761157276376.0,0adab909-eb8f-4baf-9eed-7a4cc889cb7c,0
3532,1761159531048.0,0adab909-eb8f-4baf-9eed-7a4cc889cb7c,1
3533,1761159537733.0,0adab909-eb8f-4baf-9eed-7a4cc889cb7c,0
3534,1761159537750.0,0adab909-eb8f-4baf-9eed-7a4cc889cb7c,2
3535,1761162736976.0,0adab909-eb8f-4baf-9eed-7a4cc889cb7c,1
3536,1761162747389.0,0adab909-eb8f-4baf-9eed-7a4cc889cb7c,3
3537,1761162760227.0,0adab909-eb8f-4baf-9eed-7a4cc889cb7c,0
3538,1761162760243.0,0adab909-eb8f-4baf-9eed-7a4cc889cb7c,2
3539,1761162985352.0,0adab909-eb8f-4baf-9eed-7a4cc889cb7c,1
3540,1761162986366.0,0adab909-eb8f-4baf-9eed-7a4cc889cb7c,3
3541,1761169599806.0,0adab909-eb8f-4baf-9eed-7a4cc889cb7c,0
3542,1761169599833.0,0adab909-eb8f-4baf-9eed-7a4cc889cb7c,2
3543,1761169685792.0,0adab909-eb8f-4baf-9eed-7a4cc889cb7c,1
3544,1761169687849.0,0adab909-eb8f-4baf-9eed-7a4cc889cb7c,3
3545,1761171430765.0,0adab909-eb8f-4baf-9eed-7a4cc889cb7c,0
3546,1761171430810.0,0adab909-eb8f-4baf-9eed-7a4cc889cb7c,2
3547,1761201000840.0,0adab909-eb8f-4baf-9eed-7a4cc889cb7c,1
3548,1761201014908.0,0adab909-eb8f-4baf-9eed-7a4cc889cb7c,0
3549,1761201014920.0,0adab909-eb8f-4baf-9eed-7a4cc889cb7c,2
3550,1761204597385.0,0adab909-eb8f-4baf-9eed-7a4cc889cb7c,1
3551,1761204599678.0,0adab909-eb8f-4baf-9eed-7a4cc889cb7c,0
3552,1761204599694.0,0adab909-eb8f-4baf-9eed-7a4cc889cb7c,2
3553,1761204620339.0,0adab909-eb8f-4baf-9eed-7a4cc889cb7c,1
3554,1761204622633.0,0adab909-eb8f-4baf-9eed-7a4cc889cb7c,3
3555,1761205746772.0,0adab909-eb8f-4baf-9eed-7a4cc889cb7c,0
3556,1761205746802.0,0adab909-eb8f-4baf-9eed-7a4cc889cb7c,2
3557,1761205806091.0,0adab909-eb8f-4baf-9eed-7a4cc889cb7c,1
3558,1761205808440.0,0adab909-eb8f-4baf-9eed-7a4cc889cb7c,3
3559,1761209626413.0,0adab909-eb8f-4baf-9eed-7a4cc889cb7c,0
3560,1761209626430.0,0adab909-eb8f-4baf-9eed-7a4cc889cb7c,2
3561,1761209711792.0,0adab909-eb8f-4baf-9eed-7a4cc889cb7c,1
3562,1761209714015.0,0adab909-eb8f-4baf-9eed-7a4cc889cb7c,3
3563,1761209926440.0,0adab909-eb8f-4baf-9eed-7a4cc889cb7c,0
3564,1761209926466.0,0adab909-eb8f-4baf-9eed-7a4cc889cb7c,2
3565,1761210219500.0,0adab909-eb8f-4baf-9eed-7a4cc889cb7c,1
3566,1761210220423.0,0adab909-eb8f-4baf-9eed-7a4cc889cb7c,3
3567,1761210694833.0,0adab909-eb8f-4baf-9eed-7a4cc889cb7c,0
3568,1761210694857.0,0adab909-eb8f-4baf-9eed-7a4cc889cb7c,2
3569,1761211757146.0,0adab909-eb8f-4baf-9eed-7a4cc889cb7c,1
3570,1761211758919.0,0adab909-eb8f-4baf-9eed-7a4cc889cb7c,3
3571,1761211917173.0,0adab909-eb8f-4baf-9eed-7a4cc889cb7c,0
3572,1761211917200.0,0adab909-eb8f-4baf-9eed-7a4cc889cb7c,2
3573,1761213329083.0,0adab909-eb8f-4baf-9eed-7a4cc889cb7c,1
3574,1761213329845.0,0adab909-eb8f-4baf-9eed-7a4cc889cb7c,3
3575,1761213944306.0,0adab909-eb8f-4baf-9eed-7a4cc889cb7c,0
3576,1761217129944.0,0adab909-eb8f-4baf-9eed-7a4cc889cb7c,1
3577,1761217132894.0,0adab909-eb8f-4baf-9eed-7a4cc889cb7c,3
3578,1761217171797.0,0adab909-eb8f-4baf-9eed-7a4cc889cb7c,0
3579,1761217171818.0,0adab909-eb8f-4baf-9eed-7a4cc889cb7c,2
3580,1761218178649.0,0adab909-eb8f-4baf-9eed-7a4cc889cb7c,1
3581,1761218179938.0,0adab909-eb8f-4baf-9eed-7a4cc889cb7c,3
3582,1761218294550.0,0adab909-eb8f-4baf-9eed-7a4cc889cb7c,0
3583,1761218294568.0,0adab909-eb8f-4baf-9eed-7a4cc889cb7c,2
3584,1761218458979.0,0adab909-eb8f-4baf-9eed-7a4cc889cb7c,1
3585,1761218460666.0,0adab909-eb8f-4baf-9eed-7a4cc889cb7c,3
3586,1761218493905.0,0adab909-eb8f-4baf-9eed-7a4cc889cb7c,0
3587,1761218493921.0,0adab909-eb8f-4baf-9eed-7a4cc889cb7c,2
3588,1761218777967.0,0adab909-eb8f-4baf-9eed-7a4cc889cb7c,1
3589,1761218780779.0,0adab909-eb8f-4baf-9eed-7a4cc889cb7c,3
3590,1761218887904.0,0adab909-eb8f-4baf-9eed-7a4cc889cb7c,0
3591,1761218887933.0,0adab909-eb8f-4baf-9eed-7a4cc889cb7c,2
3592,1761219249387.0,0adab909-eb8f-4baf-9eed-7a4cc889cb7c,1
3593,1761219250842.0,0adab909-eb8f-4baf-9eed-7a4cc889cb7c,3
3594,1761219930467.0,0adab909-eb8f-4baf-9eed-7a4cc889cb7c,0
3595,1761219930495.0,0adab909-eb8f-4baf-9eed-7a4cc889cb7c,2
3596,1761220119104.0,0adab909-eb8f-4baf-9eed-7a4cc889cb7c,1
3597,1761220121985.0,0adab909-eb8f-4baf-9eed-7a4cc889cb7c,3
3598,1761220219400.0,0adab909-eb8f-4baf-9eed-7a4cc889cb7c,0
3599,1761220219420.0,0adab909-eb8f-4baf-9eed-7a4cc889cb7c,2
3600,1761220232117.0,0adab909-eb8f-4baf-9eed-7a4cc889cb7c,1
3601,1761220234952.0,0adab909-eb8f-4baf-9eed-7a4cc889cb7c,3
3602,1761220453884.0,0adab909-eb8f-4baf-9eed-7a4cc889cb7c,0
3603,1761220453914.0,0adab909-eb8f-4baf-9eed-7a4cc889cb7c,2
3604,1761220704508.0,0adab909-eb8f-4baf-9eed-7a4cc889cb7c,1
3605,1761220706803.0,0adab909-eb8f-4baf-9eed-7a4cc889cb7c,3
3606,1761220980545.0,0adab909-eb8f-4baf-9eed-7a4cc889cb7c,0
3607,1761220980555.0,0adab909-eb8f-4baf-9eed-7a4cc889cb7c,2
3608,1761221292107.0,0adab909-eb8f-4baf-9eed-7a4cc889cb7c,1
3609,1761221294520.0,0adab909-eb8f-4baf-9eed-7a4cc889cb7c,3
3610,1761221378283.0,0adab909-eb8f-4baf-9eed-7a4cc889cb7c,0
3611,1761221378310.0,0adab909-eb8f-4baf-9eed-7a4cc889cb7c,2
3612,1761221487937.0,0adab909-eb8f-4baf-9eed-7a4cc889cb7c,1
3613,1761221490354.0,0adab909-eb8f-4baf-9eed-7a4cc889cb7c,3
3614,1761221546690.0,0adab909-eb8f-4baf-9eed-7a4cc889cb7c,0
3615,1761221546734.0,0adab909-eb8f-4baf-9eed-7a4cc889cb7c,2
3616,1761224259749.0,0adab909-eb8f-4baf-9eed-7a4cc889cb7c,1
3617,1761224262258.0,0adab909-eb8f-4baf-9eed-7a4cc889cb7c,3
3618,1761224780983.0,0adab909-eb8f-4baf-9eed-7a4cc889cb7c,0
3619,1761224781005.0,0adab909-eb8f-4baf-9eed-7a4cc889cb7c,2
3620,1761227231248.0,0adab909-eb8f-4baf-9eed-7a4cc889cb7c,1
3621,1761227278535.0,0adab909-eb8f-4baf-9eed-7a4cc889cb7c,0
3622,1761227278577.0,0adab909-eb8f-4baf-9eed-7a4cc889cb7c,2
3623,1761232327076.0,0adab909-eb8f-4baf-9eed-7a4cc889cb7c,1
3624,1761232330883.0,0adab909-eb8f-4baf-9eed-7a4cc889cb7c,3
3625,1761233169824.0,0adab909-eb8f-4baf-9eed-7a4cc889cb7c,0
3626,1761233169839.0,0adab909-eb8f-4baf-9eed-7a4cc889cb7c,2
3627,1761233193009.0,0adab909-eb8f-4baf-9eed-7a4cc889cb7c,1
3628,1761233195916.0,0adab909-eb8f-4baf-9eed-7a4cc889cb7c,3
3629,1761233802747.0,0adab909-eb8f-4baf-9eed-7a4cc889cb7c,0
3630,1761234980168.0,0adab909-eb8f-4baf-9eed-7a4cc889cb7c,1
3631,1761234983082.0,0adab909-eb8f-4baf-9eed-7a4cc889cb7c,3
3632,1761236383581.0,0adab909-eb8f-4baf-9eed-7a4cc889cb7c,0
3633,1761236581507.0,0adab909-eb8f-4baf-9eed-7a4cc889cb7c,1
3634,1761236588105.0,0adab909-eb8f-4baf-9eed-7a4cc889cb7c,0
3635,1761236588138.0,0adab909-eb8f-4baf-9eed-7a4cc889cb7c,2
3636,1761237951272.0,0adab909-eb8f-4baf-9eed-7a4cc889cb7c,1
3637,1761237955910.0,0adab909-eb8f-4baf-9eed-7a4cc889cb7c,3
3638,1761237961466.0,0adab909-eb8f-4baf-9eed-7a4cc889cb7c,0
3639,1761237961488.0,0adab909-eb8f-4baf-9eed-7a4cc889cb7c,2
3640,1761238251584.0,0adab909-eb8f-4baf-9eed-7a4cc889cb7c,1
3641,1761238253583.0,0adab909-eb8f-4baf-9eed-7a4cc889cb7c,3
3642,1761239359371.0,0adab909-eb8f-4baf-9eed-7a4cc889cb7c,0
3643,1761239579787.0,0adab909-eb8f-4baf-9eed-7a4cc889cb7c,1
3644,1761239581476.0,0adab909-eb8f-4baf-9eed-7a4cc889cb7c,0
3645,1761239581497.0,0adab909-eb8f-4baf-9eed-7a4cc889cb7c,2
3646,1761239624600.0,0adab909-eb8f-4baf-9eed-7a4cc889cb7c,1
3647,1761239626469.0,0adab909-eb8f-4baf-9eed-7a4cc889cb7c,3
3648,1761240814964.0,0adab909-eb8f-4baf-9eed-7a4cc889cb7c,0
3649,1761240814991.0,0adab909-eb8f-4baf-9eed-7a4cc889cb7c,2
3650,1761241053347.0,0adab909-eb8f-4baf-9eed-7a4cc889cb7c,1
3651,1761241054127.0,0adab909-eb8f-4baf-9eed-7a4cc889cb7c,3
3652,1761241060057.0,0adab909-eb8f-4baf-9eed-7a4cc889cb7c,0
3653,1761241060074.0,0adab909-eb8f-4baf-9eed-7a4cc889cb7c,2
3654,1761241060435.0,0adab909-eb8f-4baf-9eed-7a4cc889cb7c,1
3655,1761241063461.0,0adab909-eb8f-4baf-9eed-7a4cc889cb7c,3
3656,1761241673393.0,0adab909-eb8f-4baf-9eed-7a4cc889cb7c,0
3657,1761242492119.0,0adab909-eb8f-4baf-9eed-7a4cc889cb7c,1
3658,1761242499332.0,0adab909-eb8f-4baf-9eed-7a4cc889cb7c,0
3659,1761242499376.0,0adab909-eb8f-4baf-9eed-7a4cc889cb7c,2
3660,1761251912652.0,0adab909-eb8f-4baf-9eed-7a4cc889cb7c,1
3661,1761251917094.0,0adab909-eb8f-4baf-9eed-7a4cc889cb7c,3
3662,1761253411850.0,0adab909-eb8f-4baf-9eed-7a4cc889cb7c,0
3663,1761253411878.0,0adab909-eb8f-4baf-9eed-7a4cc889cb7c,2
3664,1761253495517.0,0adab909-eb8f-4baf-9eed-7a4cc889cb7c,1
3665,1761253496386.0,0adab909-eb8f-4baf-9eed-7a4cc889cb7c,3
3666,1761260747070.0,0adab909-eb8f-4baf-9eed-7a4cc889cb7c,0
3667,1761260747087.0,0adab909-eb8f-4baf-9eed-7a4cc889cb7c,2
3668,1761263333960.0,0adab909-eb8f-4baf-9eed-7a4cc889cb7c,1
3669,1761263337447.0,0adab909-eb8f-4baf-9eed-7a4cc889cb7c,0
3670,1761263337463.0,0adab909-eb8f-4baf-9eed-7a4cc889cb7c,2
3671,1761287400486.0,0adab909-eb8f-4baf-9eed-7a4cc889cb7c,1
3672,1761287414467.0,0adab909-eb8f-4baf-9eed-7a4cc889cb7c,0
3673,1761287414489.0,0adab909-eb8f-4baf-9eed-7a4cc889cb7c,2
3674,1761292852443.0,0adab909-eb8f-4baf-9eed-7a4cc889cb7c,1
3675,1761292862576.0,0adab909-eb8f-4baf-9eed-7a4cc889cb7c,3
3676,1761294609706.0,0adab909-eb8f-4baf-9eed-7a4cc889cb7c,0
3677,1761294609739.0,0adab909-eb8f-4baf-9eed-7a4cc889cb7c,2
3678,1761294661624.0,0adab909-eb8f-4baf-9eed-7a4cc889cb7c,1
3679,1761294665402.0,0adab909-eb8f-4baf-9eed-7a4cc889cb7c,3
3680,1761297729620.0,0adab909-eb8f-4baf-9eed-7a4cc889cb7c,0
3681,1761297729634.0,0adab909-eb8f-4baf-9eed-7a4cc889cb7c,2
3682,1761297788429.0,0adab909-eb8f-4baf-9eed-7a4cc889cb7c,1
3683,1761297789958.0,0adab909-eb8f-4baf-9eed-7a4cc889cb7c,3
3684,1761298748966.0,0adab909-eb8f-4baf-9eed-7a4cc889cb7c,0
3685,1761298748986.0,0adab909-eb8f-4baf-9eed-7a4cc889cb7c,2
3686,1761299889144.0,0adab909-eb8f-4baf-9eed-7a4cc889cb7c,1
3687,1761299890607.0,0adab909-eb8f-4baf-9eed-7a4cc889cb7c,3
3688,1761299895265.0,0adab909-eb8f-4baf-9eed-7a4cc889cb7c,0
3689,1761299895294.0,0adab909-eb8f-4baf-9eed-7a4cc889cb7c,2
3690,1761300057147.0,0adab909-eb8f-4baf-9eed-7a4cc889cb7c,1
3691,1761300058367.0,0adab909-eb8f-4baf-9eed-7a4cc889cb7c,3
3692,1761300783701.0,0adab909-eb8f-4baf-9eed-7a4cc889cb7c,0
3693,1761300784172.0,0adab909-eb8f-4baf-9eed-7a4cc889cb7c,1
3694,1761301248188.0,0adab909-eb8f-4baf-9eed-7a4cc889cb7c,0
3695,1761301248204.0,0adab909-eb8f-4baf-9eed-7a4cc889cb7c,2
3696,1761301248719.0,0adab909-eb8f-4baf-9eed-7a4cc889cb7c,1
3697,1761301250364.0,0adab909-eb8f-4baf-9eed-7a4cc889cb7c,3
3698,1761301432184.0,0adab909-eb8f-4baf-9eed-7a4cc889cb7c,0
3699,1761301432209.0,0adab909-eb8f-4baf-9eed-7a4cc889cb7c,2
3700,1761302066247.0,0adab909-eb8f-4baf-9eed-7a4cc889cb7c,1
3701,1761302068891.0,0adab909-eb8f-4baf-9eed-7a4cc889cb7c,3
3702,1761302072123.0,0adab909-eb8f-4baf-9eed-7a4cc889cb7c,0
3703,1761302072140.0,0adab909-eb8f-4baf-9eed-7a4cc889cb7c,2
3704,1761302182150.0,0adab909-eb8f-4baf-9eed-7a4cc889cb7c,1
3705,1761302184566.0,0adab909-eb8f-4baf-9eed-7a4cc889cb7c,3
3706,1761302259088.0,0adab909-eb8f-4baf-9eed-7a4cc889cb7c,0
3707,1761302259111.0,0adab909-eb8f-4baf-9eed-7a4cc889cb7c,2
3708,1761302519724.0,0adab909-eb8f-4baf-9eed-7a4cc889cb7c,1
3709,1761302522065.0,0adab909-eb8f-4baf-9eed-7a4cc889cb7c,3
3710,1761302583706.0,0adab909-eb8f-4baf-9eed-7a4cc889cb7c,0
3711,1761302583732.0,0adab909-eb8f-4baf-9eed-7a4cc889cb7c,2
3712,1761302744941.0,0adab909-eb8f-4baf-9eed-7a4cc889cb7c,1
3713,1761302747368.0,0adab909-eb8f-4baf-9eed-7a4cc889cb7c,3
3714,1761302804865.0,0adab909-eb8f-4baf-9eed-7a4cc889cb7c,0
3715,1761302804894.0,0adab909-eb8f-4baf-9eed-7a4cc889cb7c,2
3716,1761302848661.0,0adab909-eb8f-4baf-9eed-7a4cc889cb7c,1
3717,1761302851551.0,0adab909-eb8f-4baf-9eed-7a4cc889cb7c,3
3718,1761303015077.0,0adab909-eb8f-4baf-9eed-7a4cc889cb7c,0
3719,1761303015102.0,0adab909-eb8f-4baf-9eed-7a4cc889cb7c,2
3720,1761303541438.0,0adab909-eb8f-4baf-9eed-7a4cc889cb7c,1
3721,1761303544889.0,0adab909-eb8f-4baf-9eed-7a4cc889cb7c,3
3722,1761303602274.0,0adab909-eb8f-4baf-9eed-7a4cc889cb7c,0
3723,1761303602296.0,0adab909-eb8f-4baf-9eed-7a4cc889cb7c,2
3724,1761303791230.0,0adab909-eb8f-4baf-9eed-7a4cc889cb7c,1
3725,1761303793999.0,0adab909-eb8f-4baf-9eed-7a4cc889cb7c,3
3726,1761304344005.0,0adab909-eb8f-4baf-9eed-7a4cc889cb7c,0
3727,1761304344024.0,0adab909-eb8f-4baf-9eed-7a4cc889cb7c,2
3728,1761304344147.0,0adab909-eb8f-4baf-9eed-7a4cc889cb7c,1
3729,1761304347735.0,0adab909-eb8f-4baf-9eed-7a4cc889cb7c,3
3730,1761306121912.0,0adab909-eb8f-4baf-9eed-7a4cc889cb7c,0
3731,1761306121940.0,0adab909-eb8f-4baf-9eed-7a4cc889cb7c,2
3732,1761308597813.0,0adab909-eb8f-4baf-9eed-7a4cc889cb7c,1
3733,1761308605757.0,0adab909-eb8f-4baf-9eed-7a4cc889cb7c,0
3734,1761308605772.0,0adab909-eb8f-4baf-9eed-7a4cc889cb7c,2
3735,1761310934414.0,0adab909-eb8f-4baf-9eed-7a4cc889cb7c,1
3736,1761310938209.0,0adab909-eb8f-4baf-9eed-7a4cc889cb7c,3
3737,1761311232189.0,0adab909-eb8f-4baf-9eed-7a4cc889cb7c,0
3738,1761311232221.0,0adab909-eb8f-4baf-9eed-7a4cc889cb7c,2
3739,1761315825570.0,0adab909-eb8f-4baf-9eed-7a4cc889cb7c,1
3740,1761315829412.0,0adab909-eb8f-4baf-9eed-7a4cc889cb7c,3
3741,1761315833854.0,0adab909-eb8f-4baf-9eed-7a4cc889cb7c,0
3742,1761315833876.0,0adab909-eb8f-4baf-9eed-7a4cc889cb7c,2
3743,1761316753441.0,0adab909-eb8f-4baf-9eed-7a4cc889cb7c,1
3744,1761316756149.0,0adab909-eb8f-4baf-9eed-7a4cc889cb7c,3
3745,1761317364062.0,0adab909-eb8f-4baf-9eed-7a4cc889cb7c,0
3746,1761319600187.0,0adab909-eb8f-4baf-9eed-7a4cc889cb7c,1
3747,1761319602291.0,0adab909-eb8f-4baf-9eed-7a4cc889cb7c,3
3748,1761320386705.0,0adab909-eb8f-4baf-9eed-7a4cc889cb7c,0
3749,1761323638508.0,0adab909-eb8f-4baf-9eed-7a4cc889cb7c,1
3750,1761323641115.0,0adab909-eb8f-4baf-9eed-7a4cc889cb7c,3
3751,1761325450346.0,0adab909-eb8f-4baf-9eed-7a4cc889cb7c,0
3752,1761325450375.0,0adab909-eb8f-4baf-9eed-7a4cc889cb7c,2
3753,1761328934825.0,0adab909-eb8f-4baf-9eed-7a4cc889cb7c,1
3754,1761328936177.0,0adab909-eb8f-4baf-9eed-7a4cc889cb7c,3
3755,1761329541636.0,0adab909-eb8f-4baf-9eed-7a4cc889cb7c,0
3756,1761331106374.0,0adab909-eb8f-4baf-9eed-7a4cc889cb7c,1
3757,1761331109227.0,0adab909-eb8f-4baf-9eed-7a4cc889cb7c,3
3758,1761331136488.0,0adab909-eb8f-4baf-9eed-7a4cc889cb7c,0
3759,1761331136505.0,0adab909-eb8f-4baf-9eed-7a4cc889cb7c,2
3760,1761336014782.0,0adab909-eb8f-4baf-9eed-7a4cc889cb7c,1
3761,1761336017287.0,0adab909-eb8f-4baf-9eed-7a4cc889cb7c,3
3762,1761347366345.0,0adab909-eb8f-4baf-9eed-7a4cc889cb7c,0
3763,1761347366372.0,0adab909-eb8f-4baf-9eed-7a4cc889cb7c,2
3764,1761373801919.0,0adab909-eb8f-4baf-9eed-7a4cc889cb7c,1
3765,1761373812639.0,0adab909-eb8f-4baf-9eed-7a4cc889cb7c,0
3766,1761373812655.0,0adab909-eb8f-4baf-9eed-7a4cc889cb7c,2
3767,1761376472690.0,0adab909-eb8f-4baf-9eed-7a4cc889cb7c,1
3768,1761376476545.0,0adab909-eb8f-4baf-9eed-7a4cc889cb7c,0
3769,1761376476560.0,0adab909-eb8f-4baf-9eed-7a4cc889cb7c,2
3770,1761379905387.0,0adab909-eb8f-4baf-9eed-7a4cc889cb7c,1
3771,1761379915596.0,0adab909-eb8f-4baf-9eed-7a4cc889cb7c,3
3772,1761382342516.0,0adab909-eb8f-4baf-9eed-7a4cc889cb7c,0
3773,1761382342540.0,0adab909-eb8f-4baf-9eed-7a4cc889cb7c,2
3774,1761382389939.0,0adab909-eb8f-4baf-9eed-7a4cc889cb7c,1
3775,1761382392586.0,0adab909-eb8f-4baf-9eed-7a4cc889cb7c,3
3776,1761384035768.0,0adab909-eb8f-4baf-9eed-7a4cc889cb7c,0
3777,1761384035791.0,0adab909-eb8f-4baf-9eed-7a4cc889cb7c,2
3778,1761385522771.0,0adab909-eb8f-4baf-9eed-7a4cc889cb7c,1
3779,1761385524209.0,0adab909-eb8f-4baf-9eed-7a4cc889cb7c,3
3780,1761386128836.0,0adab909-eb8f-4baf-9eed-7a4cc889cb7c,0
3781,1761387620799.0,0adab909-eb8f-4baf-9eed-7a4cc889cb7c,1
3782,1761387672504.0,0adab909-eb8f-4baf-9eed-7a4cc889cb7c,0
3783,1761387672535.0,0adab909-eb8f-4baf-9eed-7a4cc889cb7c,2
3784,1761388595160.0,0adab909-eb8f-4baf-9eed-7a4cc889cb7c,1
3785,1761388597485.0,0adab909-eb8f-4baf-9eed-7a4cc889cb7c,3
3786,1761389174670.0,0adab909-eb8f-4baf-9eed-7a4cc889cb7c,0
3787,1761389174698.0,0adab909-eb8f-4baf-9eed-7a4cc889cb7c,2
3788,1761389418490.0,0adab909-eb8f-4baf-9eed-7a4cc889cb7c,1
3789,1761389421172.0,0adab909-eb8f-4baf-9eed-7a4cc889cb7c,3
3790,1761390457229.0,0adab909-eb8f-4baf-9eed-7a4cc889cb7c,0
3791,1761393834350.0,0adab909-eb8f-4baf-9eed-7a4cc889cb7c,1
3792,1761393843042.0,0adab909-eb8f-4baf-9eed-7a4cc889cb7c,3
3793,1761394590109.0,0adab909-eb8f-4baf-9eed-7a4cc889cb7c,0
3794,1761399269990.0,0adab909-eb8f-4baf-9eed-7a4cc889cb7c,1
3795,1761399273677.0,0adab909-eb8f-4baf-9eed-7a4cc889cb7c,3
3796,1761400293214.0,0adab909-eb8f-4baf-9eed-7a4cc889cb7c,0
3797,1761402406231.0,0adab909-eb8f-4baf-9eed-7a4cc889cb7c,1
3798,1761402408541.0,0adab909-eb8f-4baf-9eed-7a4cc889cb7c,3
3799,1761402457839.0,0adab909-eb8f-4baf-9eed-7a4cc889cb7c,0
3800,1761402457859.0,0adab909-eb8f-4baf-9eed-7a4cc889cb7c,2
3801,1761403064801.0,0adab909-eb8f-4baf-9eed-7a4cc889cb7c,1
3802,1761403066476.0,0adab909-eb8f-4baf-9eed-7a4cc889cb7c,0
3803,1761403066492.0,0adab909-eb8f-4baf-9eed-7a4cc889cb7c,2
3804,1761403068601.0,0adab909-eb8f-4baf-9eed-7a4cc889cb7c,1
3805,1761403073054.0,0adab909-eb8f-4baf-9eed-7a4cc889cb7c,3
3806,1761403079164.0,0adab909-eb8f-4baf-9eed-7a4cc889cb7c,0
3807,1761403079186.0,0adab909-eb8f-4baf-9eed-7a4cc889cb7c,2
3808,1761403383303.0,0adab909-eb8f-4baf-9eed-7a4cc889cb7c,1
3809,1761403385848.0,0adab909-eb8f-4baf-9eed-7a4cc889cb7c,3
3810,1761403656459.0,0adab909-eb8f-4baf-9eed-7a4cc889cb7c,0
3811,1761403656485.0,0adab909-eb8f-4baf-9eed-7a4cc889cb7c,2
3812,1761404064578.0,0adab909-eb8f-4baf-9eed-7a4cc889cb7c,1
3813,1761404065836.0,0adab909-eb8f-4baf-9eed-7a4cc889cb7c,3
3814,1761404080942.0,0adab909-eb8f-4baf-9eed-7a4cc889cb7c,0
3815,1761404080992.0,0adab909-eb8f-4baf-9eed-7a4cc889cb7c,2
3816,1761404166320.0,0adab909-eb8f-4baf-9eed-7a4cc889cb7c,1
3817,1761404167808.0,0adab909-eb8f-4baf-9eed-7a4cc889cb7c,3
3818,1761404177242.0,0adab909-eb8f-4baf-9eed-7a4cc889cb7c,0
3819,1761404177268.0,0adab909-eb8f-4baf-9eed-7a4cc889cb7c,2
3820,1761404466039.0,0adab909-eb8f-4baf-9eed-7a4cc889cb7c,1
3821,1761404466669.0,0adab909-eb8f-4baf-9eed-7a4cc889cb7c,3
3822,1761404487284.0,0adab909-eb8f-4baf-9eed-7a4cc889cb7c,0
3823,1761404487313.0,0adab909-eb8f-4baf-9eed-7a4cc889cb7c,2
3824,1761404769369.0,0adab909-eb8f-4baf-9eed-7a4cc889cb7c,1
3825,1761404770967.0,0adab909-eb8f-4baf-9eed-7a4cc889cb7c,0
3826,1761404770999.0,0adab909-eb8f-4baf-9eed-7a4cc889cb7c,2
3827,1761404889045.0,0adab909-eb8f-4baf-9eed-7a4cc889cb7c,1
3828,1761404891281.0,0adab909-eb8f-4baf-9eed-7a4cc889cb7c,0
3829,1761404891296.0,0adab909-eb8f-4baf-9eed-7a4cc889cb7c,2
3830,1761404948815.0,0adab909-eb8f-4baf-9eed-7a4cc889cb7c,1
3831,1761404951951.0,0adab909-eb8f-4baf-9eed-7a4cc889cb7c,3
3832,1761405069666.0,0adab909-eb8f-4baf-9eed-7a4cc889cb7c,0
3833,1761405069688.0,0adab909-eb8f-4baf-9eed-7a4cc889cb7c,2
3834,1761405261139.0,0adab909-eb8f-4baf-9eed-7a4cc889cb7c,1
3835,1761405263567.0,0adab909-eb8f-4baf-9eed-7a4cc889cb7c,0
3836,1761405263586.0,0adab909-eb8f-4baf-9eed-7a4cc889cb7c,2
3837,1761405755765.0,0adab909-eb8f-4baf-9eed-7a4cc889cb7c,1
3838,1761405759713.0,0adab909-eb8f-4baf-9eed-7a4cc889cb7c,3
3839,1761405771959.0,0adab909-eb8f-4baf-9eed-7a4cc889cb7c,0
3840,1761405771977.0,0adab909-eb8f-4baf-9eed-7a4cc889cb7c,2
3841,1761405810975.0,0adab909-eb8f-4baf-9eed-7a4cc889cb7c,1
3842,1761405813767.0,0adab909-eb8f-4baf-9eed-7a4cc889cb7c,3
3843,1761405899463.0,0adab909-eb8f-4baf-9eed-7a4cc889cb7c,0
3844,1761405899480.0,0adab909-eb8f-4baf-9eed-7a4cc889cb7c,2
3845,1761405923469.0,0adab909-eb8f-4baf-9eed-7a4cc889cb7c,1
3846,1761405930777.0,0adab909-eb8f-4baf-9eed-7a4cc889cb7c,0
3847,1761405930805.0,0adab909-eb8f-4baf-9eed-7a4cc889cb7c,2
3848,1761406126870.0,0adab909-eb8f-4baf-9eed-7a4cc889cb7c,1
3849,1761406127818.0,0adab909-eb8f-4baf-9eed-7a4cc889cb7c,3
3850,1761406129768.0,0adab909-eb8f-4baf-9eed-7a4cc889cb7c,0
3851,1761406129780.0,0adab909-eb8f-4baf-9eed-7a4cc889cb7c,2
3852,1761406153055.0,0adab909-eb8f-4baf-9eed-7a4cc889cb7c,1
3853,1761406154303.0,0adab909-eb8f-4baf-9eed-7a4cc889cb7c,3
3854,1761406302511.0,0adab909-eb8f-4baf-9eed-7a4cc889cb7c,0
3855,1761406302531.0,0adab909-eb8f-4baf-9eed-7a4cc889cb7c,2
3856,1761406745696.0,0adab909-eb8f-4baf-9eed-7a4cc889cb7c,1
3857,1761406752276.0,0adab909-eb8f-4baf-9eed-7a4cc889cb7c,0
3858,1761406752300.0,0adab909-eb8f-4baf-9eed-7a4cc889cb7c,2
3859,1761406759818.0,0adab909-eb8f-4baf-9eed-7a4cc889cb7c,1
3860,1761406765312.0,0adab909-eb8f-4baf-9eed-7a4cc889cb7c,3
3861,1761407386854.0,0adab909-eb8f-4baf-9eed-7a4cc889cb7c,0
3862,1761408272962.0,0adab909-eb8f-4baf-9eed-7a4cc889cb7c,1
3863,1761408273923.0,0adab909-eb8f-4baf-9eed-7a4cc889cb7c,0
3864,1761408273968.0,0adab909-eb8f-4baf-9eed-7a4cc889cb7c,2
3865,1761408274186.0,0adab909-eb8f-4baf-9eed-7a4cc889cb7c,1
3866,1761408274642.0,0adab909-eb8f-4baf-9eed-7a4cc889cb7c,3
3867,1761408918137.0,0adab909-eb8f-4baf-9eed-7a4cc889cb7c,0
3868,1761411060785.0,0adab909-eb8f-4baf-9eed-7a4cc889cb7c,1
3869,1761411063266.0,0adab909-eb8f-4baf-9eed-7a4cc889cb7c,0
3870,1761411063291.0,0adab909-eb8f-4baf-9eed-7a4cc889cb7c,2
3871,1761411063415.0,0adab909-eb8f-4baf-9eed-7a4cc889cb7c,1
3872,1761411064195.0,0adab909-eb8f-4baf-9eed-7a4cc889cb7c,3
3873,1761411124724.0,0adab909-eb8f-4baf-9eed-7a4cc889cb7c,0
3874,1761411124740.0,0adab909-eb8f-4baf-9eed-7a4cc889cb7c,2
3875,1761412727578.0,0adab909-eb8f-4baf-9eed-7a4cc889cb7c,1
3876,1761412728588.0,0adab909-eb8f-4baf-9eed-7a4cc889cb7c,3
3877,1761412752009.0,0adab909-eb8f-4baf-9eed-7a4cc889cb7c,0
3878,1761412752024.0,0adab909-eb8f-4baf-9eed-7a4cc889cb7c,2
3879,1761412939384.0,0adab909-eb8f-4baf-9eed-7a4cc889cb7c,1
3880,1761412940951.0,0adab909-eb8f-4baf-9eed-7a4cc889cb7c,3
3881,1761412948504.0,0adab909-eb8f-4baf-9eed-7a4cc889cb7c,0
3882,1761412948527.0,0adab909-eb8f-4baf-9eed-7a4cc889cb7c,2
3883,1761412950472.0,0adab909-eb8f-4baf-9eed-7a4cc889cb7c,1
3884,1761412951261.0,0adab909-eb8f-4baf-9eed-7a4cc889cb7c,3
3885,1761413184142.0,0adab909-eb8f-4baf-9eed-7a4cc889cb7c,0
3886,1761413184199.0,0adab909-eb8f-4baf-9eed-7a4cc889cb7c,2
3887,1761413263511.0,0adab909-eb8f-4baf-9eed-7a4cc889cb7c,1
3888,1761413266489.0,0adab909-eb8f-4baf-9eed-7a4cc889cb7c,3
3889,1761413291849.0,0adab909-eb8f-4baf-9eed-7a4cc889cb7c,0
3890,1761413291876.0,0adab909-eb8f-4baf-9eed-7a4cc889cb7c,2
3891,1761413846940.0,0adab909-eb8f-4baf-9eed-7a4cc889cb7c,1
3892,1761413848520.0,0adab909-eb8f-4baf-9eed-7a4cc889cb7c,3
3893,1761414493497.0,0adab909-eb8f-4baf-9eed-7a4cc889cb7c,0
3894,1761414801395.0,0adab909-eb8f-4baf-9eed-7a4cc889cb7c,1
3895,1761414803111.0,0adab909-eb8f-4baf-9eed-7a4cc889cb7c,3
3896,1761415413959.0,0adab909-eb8f-4baf-9eed-7a4cc889cb7c,0
3897,1761415415933.0,0adab909-eb8f-4baf-9eed-7a4cc889cb7c,1
3898,1761415549418.0,0adab909-eb8f-4baf-9eed-7a4cc889cb7c,0
3899,1761415549438.0,0adab909-eb8f-4baf-9eed-7a4cc889cb7c,2
3900,1761415854415.0,0adab909-eb8f-4baf-9eed-7a4cc889cb7c,1
3901,1761415855758.0,0adab909-eb8f-4baf-9eed-7a4cc889cb7c,3
3902,1761415863796.0,0adab909-eb8f-4baf-9eed-7a4cc889cb7c,0
3903,1761415863829.0,0adab909-eb8f-4baf-9eed-7a4cc889cb7c,2
3904,1761415975583.0,0adab909-eb8f-4baf-9eed-7a4cc889cb7c,1
3905,1761415977958.0,0adab909-eb8f-4baf-9eed-7a4cc889cb7c,3
3906,1761415981040.0,0adab909-eb8f-4baf-9eed-7a4cc889cb7c,0
3907,1761415981059.0,0adab909-eb8f-4baf-9eed-7a4cc889cb7c,2
3908,1761419006156.0,0adab909-eb8f-4baf-9eed-7a4cc889cb7c,1
3909,1761419009370.0,0adab909-eb8f-4baf-9eed-7a4cc889cb7c,3
3910,1761419862788.0,0adab909-eb8f-4baf-9eed-7a4cc889cb7c,0
3911,1761422044057.0,0adab909-eb8f-4baf-9eed-7a4cc889cb7c,1
3912,1761422045313.0,0adab909-eb8f-4baf-9eed-7a4cc889cb7c,3
3913,1761422347953.0,0adab909-eb8f-4baf-9eed-7a4cc889cb7c,0
3914,1761422347990.0,0adab909-eb8f-4baf-9eed-7a4cc889cb7c,2
3915,1761423479579.0,0adab909-eb8f-4baf-9eed-7a4cc889cb7c,1
3916,1761423482514.0,0adab909-eb8f-4baf-9eed-7a4cc889cb7c,3
3917,1761424094692.0,0adab909-eb8f-4baf-9eed-7a4cc889cb7c,0
3918,1761424576166.0,0adab909-eb8f-4baf-9eed-7a4cc889cb7c,1
3919,1761424577957.0,0adab909-eb8f-4baf-9eed-7a4cc889cb7c,3
3920,1761424954688.0,0adab909-eb8f-4baf-9eed-7a4cc889cb7c,0
3921,1761424954735.0,0adab909-eb8f-4baf-9eed-7a4cc889cb7c,2
3922,1761425103355.0,0adab909-eb8f-4baf-9eed-7a4cc889cb7c,1
3923,1761425105257.0,0adab909-eb8f-4baf-9eed-7a4cc889cb7c,3
3924,1761434799510.0,0adab909-eb8f-4baf-9eed-7a4cc889cb7c,0
3925,1761434799538.0,0adab909-eb8f-4baf-9eed-7a4cc889cb7c,2
3926,1761463112020.0,0adab909-eb8f-4baf-9eed-7a4cc889cb7c,1
3927,1761463114197.0,0adab909-eb8f-4baf-9eed-7a4cc889cb7c,0
3928,1761463114212.0,0adab909-eb8f-4baf-9eed-7a4cc889cb7c,2
3929,1761463800455.0,0adab909-eb8f-4baf-9eed-7a4cc889cb7c,1
3930,1761463811968.0,0adab909-eb8f-4baf-9eed-7a4cc889cb7c,0
3931,1761463811980.0,0adab909-eb8f-4baf-9eed-7a4cc889cb7c,2
3932,1761467782259.0,0adab909-eb8f-4baf-9eed-7a4cc889cb7c,1
3933,1761467785368.0,0adab909-eb8f-4baf-9eed-7a4cc889cb7c,3
3934,1761473343052.0,0adab909-eb8f-4baf-9eed-7a4cc889cb7c,0
3935,1761473343101.0,0adab909-eb8f-4baf-9eed-7a4cc889cb7c,2
3936,1761474769701.0,0adab909-eb8f-4baf-9eed-7a4cc889cb7c,1
3937,1761474771143.0,0adab909-eb8f-4baf-9eed-7a4cc889cb7c,3
3938,1761474772821.0,0adab909-eb8f-4baf-9eed-7a4cc889cb7c,0
3939,1761474772847.0,0adab909-eb8f-4baf-9eed-7a4cc889cb7c,2
3940,1761475962962.0,0adab909-eb8f-4baf-9eed-7a4cc889cb7c,1
3941,1761475965848.0,0adab909-eb8f-4baf-9eed-7a4cc889cb7c,3
3942,1761475972461.0,0adab909-eb8f-4baf-9eed-7a4cc889cb7c,0
3943,1761475972473.0,0adab909-eb8f-4baf-9eed-7a4cc889cb7c,2
3944,1761478901197.0,0adab909-eb8f-4baf-9eed-7a4cc889cb7c,1
3945,1761478904051.0,0adab909-eb8f-4baf-9eed-7a4cc889cb7c,3
3946,1761478908321.0,0adab909-eb8f-4baf-9eed-7a4cc889cb7c,0
3947,1761478908341.0,0adab909-eb8f-4baf-9eed-7a4cc889cb7c,2
3948,1761479568576.0,0adab909-eb8f-4baf-9eed-7a4cc889cb7c,1
3949,1761479570656.0,0adab909-eb8f-4baf-9eed-7a4cc889cb7c,3
3950,1761480452316.0,0adab909-eb8f-4baf-9eed-7a4cc889cb7c,0
3951,1761480467811.0,0adab909-eb8f-4baf-9eed-7a4cc889cb7c,1
3952,1761480471767.0,0adab909-eb8f-4baf-9eed-7a4cc889cb7c,3
3953,1761481072522.0,0adab909-eb8f-4baf-9eed-7a4cc889cb7c,0
3954,1761481878841.0,0adab909-eb8f-4baf-9eed-7a4cc889cb7c,1
3955,1761481882212.0,0adab909-eb8f-4baf-9eed-7a4cc889cb7c,0
3956,1761481882231.0,0adab909-eb8f-4baf-9eed-7a4cc889cb7c,2
3957,1761481953373.0,0adab909-eb8f-4baf-9eed-7a4cc889cb7c,1
3958,1761481957230.0,0adab909-eb8f-4baf-9eed-7a4cc889cb7c,0
3959,1761481957260.0,0adab909-eb8f-4baf-9eed-7a4cc889cb7c,2
3960,1761482453546.0,0adab909-eb8f-4baf-9eed-7a4cc889cb7c,1
3961,1761482454684.0,0adab909-eb8f-4baf-9eed-7a4cc889cb7c,3
3962,1761483121810.0,0adab909-eb8f-4baf-9eed-7a4cc889cb7c,0
3963,1761485092183.0,0adab909-eb8f-4baf-9eed-7a4cc889cb7c,1
3964,1761485093678.0,0adab909-eb8f-4baf-9eed-7a4cc889cb7c,0
3965,1761485093693.0,0adab909-eb8f-4baf-9eed-7a4cc889cb7c,2
3966,1761485093829.0,0adab909-eb8f-4baf-9eed-7a4cc889cb7c,1
3967,1761485095934.0,0adab909-eb8f-4baf-9eed-7a4cc889cb7c,3
3968,1761485944738.0,0adab909-eb8f-4baf-9eed-7a4cc889cb7c,0
3969,1761485944769.0,0adab909-eb8f-4baf-9eed-7a4cc889cb7c,2
3970,1761486021304.0,0adab909-eb8f-4baf-9eed-7a4cc889cb7c,1
3971,1761486025031.0,0adab909-eb8f-4baf-9eed-7a4cc889cb7c,3
3972,1761487248687.0,0adab909-eb8f-4baf-9eed-7a4cc889cb7c,0
3973,1761489365665.0,0adab909-eb8f-4baf-9eed-7a4cc889cb7c,1
3974,1761489372940.0,0adab909-eb8f-4baf-9eed-7a4cc889cb7c,0
3975,1761489372957.0,0adab909-eb8f-4baf-9eed-7a4cc889cb7c,2
3976,1761491000876.0,0adab909-eb8f-4baf-9eed-7a4cc889cb7c,1
3977,1761491002124.0,0adab909-eb8f-4baf-9eed-7a4cc889cb7c,3
3978,1761493511671.0,0adab909-eb8f-4baf-9eed-7a4cc889cb7c,0
3979,1761493511689.0,0adab909-eb8f-4baf-9eed-7a4cc889cb7c,2
3980,1761494814550.0,0adab909-eb8f-4baf-9eed-7a4cc889cb7c,1
3981,1761494815997.0,0adab909-eb8f-4baf-9eed-7a4cc889cb7c,3
3982,1761495781582.0,0adab909-eb8f-4baf-9eed-7a4cc889cb7c,0
3983,1761496710584.0,0adab909-eb8f-4baf-9eed-7a4cc889cb7c,1
3984,1761496714847.0,0adab909-eb8f-4baf-9eed-7a4cc889cb7c,0
3985,1761496714867.0,0adab909-eb8f-4baf-9eed-7a4cc889cb7c,2
3986,1761496781487.0,0adab909-eb8f-4baf-9eed-7a4cc889cb7c,1
3987,1761496782303.0,0adab909-eb8f-4baf-9eed-7a4cc889cb7c,3
3988,1761497397588.0,0adab909-eb8f-4baf-9eed-7a4cc889cb7c,0
3989,1761498183874.0,0adab909-eb8f-4baf-9eed-7a4cc889cb7c,1
3990,1761498185303.0,0adab909-eb8f-4baf-9eed-7a4cc889cb7c,3
3991,1761498346280.0,0adab909-eb8f-4baf-9eed-7a4cc889cb7c,0
3992,1761498346310.0,0adab909-eb8f-4baf-9eed-7a4cc889cb7c,2
3993,1761498356457.0,0adab909-eb8f-4baf-9eed-7a4cc889cb7c,1
3994,1761498361039.0,0adab909-eb8f-4baf-9eed-7a4cc889cb7c,3
3995,1761499217614.0,0adab909-eb8f-4baf-9eed-7a4cc889cb7c,0
3996,1761499910349.0,0adab909-eb8f-4baf-9eed-7a4cc889cb7c,1
3997,1761499914778.0,0adab909-eb8f-4baf-9eed-7a4cc889cb7c,3
3998,1761500534679.0,0adab909-eb8f-4baf-9eed-7a4cc889cb7c,0
3999,1761501164529.0,0adab909-eb8f-4baf-9eed-7a4cc889cb7c,1
4000,1761501165605.0,0adab909-eb8f-4baf-9eed-7a4cc889cb7c,3
4001,1761501348652.0,0adab909-eb8f-4baf-9eed-7a4cc889cb7c,0
4002,1761501348674.0,0adab909-eb8f-4baf-9eed-7a4cc889cb7c,2
4003,1761501385052.0,0adab909-eb8f-4baf-9eed-7a4cc889cb7c,1
4004,1761501386208.0,0adab909-eb8f-4baf-9eed-7a4cc889cb7c,3
4005,1761502022822.0,0adab909-eb8f-4baf-9eed-7a4cc889cb7c,0
4006,1761506396910.0,0adab909-eb8f-4baf-9eed-7a4cc889cb7c,1
4007,1761506398851.0,0adab909-eb8f-4baf-9eed-7a4cc889cb7c,3
4008,1761515430847.0,0adab909-eb8f-4baf-9eed-7a4cc889cb7c,0
4009,1761515430866.0,0adab909-eb8f-4baf-9eed-7a4cc889cb7c,2
4010,1761515505365.0,0adab909-eb8f-4baf-9eed-7a4cc889cb7c,1
4011,1761515507913.0,0adab909-eb8f-4baf-9eed-7a4cc889cb7c,3
4012,1761518102579.0,0adab909-eb8f-4baf-9eed-7a4cc889cb7c,0
4013,1761518102614.0,0adab909-eb8f-4baf-9eed-7a4cc889cb7c,2
