timestamp,device_id,screen_status
1759236216326,0adab909-eb8f-4baf-9eed-7a4cc889cb7c,0
1759236216338,0adab909-eb8f-4baf-9eed-7a4cc889cb7c,2
1759236541918,0adab909-eb8f-4baf-9eed-7a4cc889cb7c,1
1759236544597,0adab909-eb8f-4baf-9eed-7a4cc889cb7c,3
1759237283902,0adab909-eb8f-4baf-9eed-7a4cc889cb7c,0
1759237432308,0adab909-eb8f-4baf-9eed-7a4cc889cb7c,1
1759237436069,0adab909-eb8f-4baf-9eed-7a4cc889cb7c,3
1759240896710,0adab909-eb8f-4baf-9eed-7a4cc889cb7c,0
1759241084549,0adab909-eb8f-4baf-9eed-7a4cc889cb7c,1
1759241085735,0adab909-eb8f-4baf-9eed-7a4cc889cb7c,3
1759241711678,0adab909-eb8f-4baf-9eed-7a4cc889cb7c,0
1759242398751,0adab909-eb8f-4baf-9eed-7a4cc889cb7c,1
1759242399847,0adab909-eb8f-4baf-9eed-7a4cc889cb7c,3
1759242412892,0adab909-eb8f-4baf-9eed-7a4cc889cb7c,0
1759242412900,0adab909-eb8f-4baf-9eed-7a4cc889cb7c,2
1759242413481,0adab909-eb8f-4baf-9eed-7a4cc889cb7c,1
1759242415210,0adab909-eb8f-4baf-9eed-7a4cc889cb7c,0
1759242415215,0adab909-eb8f-4baf-9eed-7a4cc889cb7c,2
1759242529529,0adab909-eb8f-4baf-9eed-7a4cc889cb7c,1
1759242530258,0adab909-eb8f-4baf-9eed-7a4cc889cb7c,3
1759244338244,0adab909-eb8f-4baf-9eed-7a4cc889cb7c,0
1759244338255,0adab909-eb8f-4baf-9eed-7a4cc889cb7c,2
1759248795898,0adab909-eb8f-4baf-9eed-7a4cc889cb7c,1
1759248797430,0adab909-eb8f-4baf-9eed-7a4cc889cb7c,3
1759249436284,0adab909-eb8f-4baf-9eed-7a4cc889cb7c,0
1759249465962,0adab909-eb8f-4baf-9eed-7a4cc889cb7c,1
1759249473962,0adab909-eb8f-4baf-9eed-7a4cc889cb7c,3
1759256232625,0adab909-eb8f-4baf-9eed-7a4cc889cb7c,0
1759256232641,0adab909-eb8f-4baf-9eed-7a4cc889cb7c,2
1759256535141,0adab909-eb8f-4baf-9eed-7a4cc889cb7c,1
1759256536783,0adab909-eb8f-4baf-9eed-7a4cc889cb7c,0
1759256536790,0adab909-eb8f-4baf-9eed-7a4cc889cb7c,2
1759256544790,0adab909-eb8f-4baf-9eed-7a4cc889cb7c,1
1759256545439,0adab909-eb8f-4baf-9eed-7a4cc889cb7c,3
1759257153367,0adab909-eb8f-4baf-9eed-7a4cc889cb7c,0
1759262235957,0adab909-eb8f-4baf-9eed-7a4cc889cb7c,1
1759262242285,0adab909-eb8f-4baf-9eed-7a4cc889cb7c,0
1759262242296,0adab909-eb8f-4baf-9eed-7a4cc889cb7c,2
1759262550893,0adab909-eb8f-4baf-9eed-7a4cc889cb7c,1
1759262551635,0adab909-eb8f-4baf-9eed-7a4cc889cb7c,3
1759262563662,0adab909-eb8f-4baf-9eed-7a4cc889cb7c,0
1759262563673,0adab909-eb8f-4baf-9eed-7a4cc889cb7c,2
1759262689452,0adab909-eb8f-4baf-9eed-7a4cc889cb7c,1
1759262691280,0adab909-eb8f-4baf-9eed-7a4cc889cb7c,3
1759268157690,0adab909-eb8f-4baf-9eed-7a4cc889cb7c,0
1759268157694,0adab909-eb8f-4baf-9eed-7a4cc889cb7c,2
1759268586491,0adab909-eb8f-4baf-9eed-7a4cc889cb7c,1
1759268590409,0adab909-eb8f-4baf-9eed-7a4cc889cb7c,0
1759268590420,0adab909-eb8f-4baf-9eed-7a4cc889cb7c,2
1759291409564,0adab909-eb8f-4baf-9eed-7a4cc889cb7c,1
1759303404553,0adab909-eb8f-4baf-9eed-7a4cc889cb7c,0
1759303404567,0adab909-eb8f-4baf-9eed-7a4cc889cb7c,2
1759303430854,0adab909-eb8f-4baf-9eed-7a4cc889cb7c,1
1759303433077,0adab909-eb8f-4baf-9eed-7a4cc889cb7c,0
1759303433085,0adab909-eb8f-4baf-9eed-7a4cc889cb7c,2
1759303463006,0adab909-eb8f-4baf-9eed-7a4cc889cb7c,1
1759303464162,0adab909-eb8f-4baf-9eed-7a4cc889cb7c,3
1759307232443,0adab909-eb8f-4baf-9eed-7a4cc889cb7c,0
1759307232457,0adab909-eb8f-4baf-9eed-7a4cc889cb7c,2
1759307315398,0adab909-eb8f-4baf-9eed-7a4cc889cb7c,1
1759307319223,0adab909-eb8f-4baf-9eed-7a4cc889cb7c,3
1759307875925,0adab909-eb8f-4baf-9eed-7a4cc889cb7c,0
1759307875942,0adab909-eb8f-4baf-9eed-7a4cc889cb7c,2
1759307914386,0adab909-eb8f-4baf-9eed-7a4cc889cb7c,1
1759307915897,0adab909-eb8f-4baf-9eed-7a4cc889cb7c,3
1759308736996,0adab909-eb8f-4baf-9eed-7a4cc889cb7c,0
1759308737010,0adab909-eb8f-4baf-9eed-7a4cc889cb7c,2
1759308858762,0adab909-eb8f-4baf-9eed-7a4cc889cb7c,1
1759308859704,0adab909-eb8f-4baf-9eed-7a4cc889cb7c,3
1759309488528,0adab909-eb8f-4baf-9eed-7a4cc889cb7c,0
1759309488537,0adab909-eb8f-4baf-9eed-7a4cc889cb7c,2
1759310266819,0adab909-eb8f-4baf-9eed-7a4cc889cb7c,1
1759310273152,0adab909-eb8f-4baf-9eed-7a4cc889cb7c,0
1759310273160,0adab909-eb8f-4baf-9eed-7a4cc889cb7c,2
1759310507057,0adab909-eb8f-4baf-9eed-7a4cc889cb7c,1
1759310507821,0adab909-eb8f-4baf-9eed-7a4cc889cb7c,3
1759310753477,0adab909-eb8f-4baf-9eed-7a4cc889cb7c,0
1759310753488,0adab909-eb8f-4baf-9eed-7a4cc889cb7c,2
1759310905079,0adab909-eb8f-4baf-9eed-7a4cc889cb7c,1
1759310907262,0adab909-eb8f-4baf-9eed-7a4cc889cb7c,3
1759312202771,0adab909-eb8f-4baf-9eed-7a4cc889cb7c,0
1759312684770,0adab909-eb8f-4baf-9eed-7a4cc889cb7c,1
1759312719803,0adab909-eb8f-4baf-9eed-7a4cc889cb7c,0
1759312719814,0adab909-eb8f-4baf-9eed-7a4cc889cb7c,2
1759312771101,0adab909-eb8f-4baf-9eed-7a4cc889cb7c,1
1759312806646,0adab909-eb8f-4baf-9eed-7a4cc889cb7c,0
1759312806790,0adab909-eb8f-4baf-9eed-7a4cc889cb7c,2
1759314539034,0adab909-eb8f-4baf-9eed-7a4cc889cb7c,1
1759314548960,0adab909-eb8f-4baf-9eed-7a4cc889cb7c,3
1759315302313,0adab909-eb8f-4baf-9eed-7a4cc889cb7c,0
1759315945446,0adab909-eb8f-4baf-9eed-7a4cc889cb7c,1
1759315949271,0adab909-eb8f-4baf-9eed-7a4cc889cb7c,3
1759316064238,0adab909-eb8f-4baf-9eed-7a4cc889cb7c,0
1759316064250,0adab909-eb8f-4baf-9eed-7a4cc889cb7c,2
1759316527383,0adab909-eb8f-4baf-9eed-7a4cc889cb7c,1
1759316529621,0adab909-eb8f-4baf-9eed-7a4cc889cb7c,3
1759317722327,0adab909-eb8f-4baf-9eed-7a4cc889cb7c,0
1759317816542,0adab909-eb8f-4baf-9eed-7a4cc889cb7c,1
1759317819354,0adab909-eb8f-4baf-9eed-7a4cc889cb7c,3
1759317833803,0adab909-eb8f-4baf-9eed-7a4cc889cb7c,0
1759317833815,0adab909-eb8f-4baf-9eed-7a4cc889cb7c,2
1759318686657,0adab909-eb8f-4baf-9eed-7a4cc889cb7c,1
1759318689119,0adab909-eb8f-4baf-9eed-7a4cc889cb7c,3
1759319222455,0adab909-eb8f-4baf-9eed-7a4cc889cb7c,0
1759319222459,0adab909-eb8f-4baf-9eed-7a4cc889cb7c,2
1759322244708,0adab909-eb8f-4baf-9eed-7a4cc889cb7c,1
1759322247223,0adab909-eb8f-4baf-9eed-7a4cc889cb7c,3
1759324048445,0adab909-eb8f-4baf-9eed-7a4cc889cb7c,0
1759324048455,0adab909-eb8f-4baf-9eed-7a4cc889cb7c,2
1759324134097,0adab909-eb8f-4baf-9eed-7a4cc889cb7c,1
1759324135783,0adab909-eb8f-4baf-9eed-7a4cc889cb7c,0
1759324135799,0adab909-eb8f-4baf-9eed-7a4cc889cb7c,2
1759324201911,0adab909-eb8f-4baf-9eed-7a4cc889cb7c,1
1759324202717,0adab909-eb8f-4baf-9eed-7a4cc889cb7c,3
1759324310954,0adab909-eb8f-4baf-9eed-7a4cc889cb7c,0
1759324310965,0adab909-eb8f-4baf-9eed-7a4cc889cb7c,2
1759324402808,0adab909-eb8f-4baf-9eed-7a4cc889cb7c,1
1759324404617,0adab909-eb8f-4baf-9eed-7a4cc889cb7c,0
1759324404628,0adab909-eb8f-4baf-9eed-7a4cc889cb7c,2
1759325251068,0adab909-eb8f-4baf-9eed-7a4cc889cb7c,1
1759325253067,0adab909-eb8f-4baf-9eed-7a4cc889cb7c,0
1759325253073,0adab909-eb8f-4baf-9eed-7a4cc889cb7c,2
1759325510081,0adab909-eb8f-4baf-9eed-7a4cc889cb7c,1
1759325512559,0adab909-eb8f-4baf-9eed-7a4cc889cb7c,0
1759325512571,0adab909-eb8f-4baf-9eed-7a4cc889cb7c,2
1759326761646,0adab909-eb8f-4baf-9eed-7a4cc889cb7c,1
1759326772516,0adab909-eb8f-4baf-9eed-7a4cc889cb7c,0
1759326772528,0adab909-eb8f-4baf-9eed-7a4cc889cb7c,2
1759327479837,0adab909-eb8f-4baf-9eed-7a4cc889cb7c,1
1759327481006,0adab909-eb8f-4baf-9eed-7a4cc889cb7c,3
1759327499702,0adab909-eb8f-4baf-9eed-7a4cc889cb7c,0
1759327499716,0adab909-eb8f-4baf-9eed-7a4cc889cb7c,2
1759327603902,0adab909-eb8f-4baf-9eed-7a4cc889cb7c,1
1759327605513,0adab909-eb8f-4baf-9eed-7a4cc889cb7c,3
1759327633997,0adab909-eb8f-4baf-9eed-7a4cc889cb7c,0
1759327634003,0adab909-eb8f-4baf-9eed-7a4cc889cb7c,2
1759327634377,0adab909-eb8f-4baf-9eed-7a4cc889cb7c,1
1759327636084,0adab909-eb8f-4baf-9eed-7a4cc889cb7c,0
1759327636089,0adab909-eb8f-4baf-9eed-7a4cc889cb7c,2
1759327952714,0adab909-eb8f-4baf-9eed-7a4cc889cb7c,1
1759327954406,0adab909-eb8f-4baf-9eed-7a4cc889cb7c,0
1759327954416,0adab909-eb8f-4baf-9eed-7a4cc889cb7c,2
1759328247428,0adab909-eb8f-4baf-9eed-7a4cc889cb7c,1
1759328248131,0adab909-eb8f-4baf-9eed-7a4cc889cb7c,3
1759328280788,0adab909-eb8f-4baf-9eed-7a4cc889cb7c,0
1759328280823,0adab909-eb8f-4baf-9eed-7a4cc889cb7c,2
1759329398165,0adab909-eb8f-4baf-9eed-7a4cc889cb7c,1
1759329400289,0adab909-eb8f-4baf-9eed-7a4cc889cb7c,0
1759329400296,0adab909-eb8f-4baf-9eed-7a4cc889cb7c,2
1759329915996,0adab909-eb8f-4baf-9eed-7a4cc889cb7c,1
1759329917687,0adab909-eb8f-4baf-9eed-7a4cc889cb7c,0
1759329917693,0adab909-eb8f-4baf-9eed-7a4cc889cb7c,2
1759330162020,0adab909-eb8f-4baf-9eed-7a4cc889cb7c,1
1759330164053,0adab909-eb8f-4baf-9eed-7a4cc889cb7c,3
1759330208704,0adab909-eb8f-4baf-9eed-7a4cc889cb7c,0
1759330208718,0adab909-eb8f-4baf-9eed-7a4cc889cb7c,2
1759330286932,0adab909-eb8f-4baf-9eed-7a4cc889cb7c,1
1759330288680,0adab909-eb8f-4baf-9eed-7a4cc889cb7c,0
1759330288686,0adab909-eb8f-4baf-9eed-7a4cc889cb7c,2
1759330520265,0adab909-eb8f-4baf-9eed-7a4cc889cb7c,1
1759330522414,0adab909-eb8f-4baf-9eed-7a4cc889cb7c,3
1759330612173,0adab909-eb8f-4baf-9eed-7a4cc889cb7c,0
1759330612185,0adab909-eb8f-4baf-9eed-7a4cc889cb7c,2
1759330625176,0adab909-eb8f-4baf-9eed-7a4cc889cb7c,1
1759330626905,0adab909-eb8f-4baf-9eed-7a4cc889cb7c,0
1759330626911,0adab909-eb8f-4baf-9eed-7a4cc889cb7c,2
1759330635704,0adab909-eb8f-4baf-9eed-7a4cc889cb7c,1
1759330636698,0adab909-eb8f-4baf-9eed-7a4cc889cb7c,3
1759330648943,0adab909-eb8f-4baf-9eed-7a4cc889cb7c,0
1759330648959,0adab909-eb8f-4baf-9eed-7a4cc889cb7c,2
1759330652091,0adab909-eb8f-4baf-9eed-7a4cc889cb7c,1
1759330652889,0adab909-eb8f-4baf-9eed-7a4cc889cb7c,3
1759330658710,0adab909-eb8f-4baf-9eed-7a4cc889cb7c,0
1759330658730,0adab909-eb8f-4baf-9eed-7a4cc889cb7c,2
1759330659317,0adab909-eb8f-4baf-9eed-7a4cc889cb7c,1
1759330660306,0adab909-eb8f-4baf-9eed-7a4cc889cb7c,3
1759330667743,0adab909-eb8f-4baf-9eed-7a4cc889cb7c,0
1759330667759,0adab909-eb8f-4baf-9eed-7a4cc889cb7c,2
1759331154271,0adab909-eb8f-4baf-9eed-7a4cc889cb7c,1
1759331155735,0adab909-eb8f-4baf-9eed-7a4cc889cb7c,3
1759331189038,0adab909-eb8f-4baf-9eed-7a4cc889cb7c,0
1759331189052,0adab909-eb8f-4baf-9eed-7a4cc889cb7c,2
1759331777147,0adab909-eb8f-4baf-9eed-7a4cc889cb7c,1
1759331778755,0adab909-eb8f-4baf-9eed-7a4cc889cb7c,3
1759333348263,0adab909-eb8f-4baf-9eed-7a4cc889cb7c,0
1759338067134,0adab909-eb8f-4baf-9eed-7a4cc889cb7c,1
1759338072487,0adab909-eb8f-4baf-9eed-7a4cc889cb7c,3
1759338079546,0adab909-eb8f-4baf-9eed-7a4cc889cb7c,0
1759338079558,0adab909-eb8f-4baf-9eed-7a4cc889cb7c,2
1759339465165,0adab909-eb8f-4baf-9eed-7a4cc889cb7c,1
1759339468150,0adab909-eb8f-4baf-9eed-7a4cc889cb7c,3
1759339522413,0adab909-eb8f-4baf-9eed-7a4cc889cb7c,0
1759339522421,0adab909-eb8f-4baf-9eed-7a4cc889cb7c,2
1759339562039,0adab909-eb8f-4baf-9eed-7a4cc889cb7c,1
1759339564029,0adab909-eb8f-4baf-9eed-7a4cc889cb7c,3
1759339634835,0adab909-eb8f-4baf-9eed-7a4cc889cb7c,0
1759339634860,0adab909-eb8f-4baf-9eed-7a4cc889cb7c,2
1759339702066,0adab909-eb8f-4baf-9eed-7a4cc889cb7c,1
1759339704347,0adab909-eb8f-4baf-9eed-7a4cc889cb7c,3
1759339880961,0adab909-eb8f-4baf-9eed-7a4cc889cb7c,0
1759339880986,0adab909-eb8f-4baf-9eed-7a4cc889cb7c,2
1759339915746,0adab909-eb8f-4baf-9eed-7a4cc889cb7c,1
1759339917841,0adab909-eb8f-4baf-9eed-7a4cc889cb7c,3
1759340297810,0adab909-eb8f-4baf-9eed-7a4cc889cb7c,0
1759340297822,0adab909-eb8f-4baf-9eed-7a4cc889cb7c,2
1759340459354,0adab909-eb8f-4baf-9eed-7a4cc889cb7c,1
1759340461473,0adab909-eb8f-4baf-9eed-7a4cc889cb7c,3
1759340604654,0adab909-eb8f-4baf-9eed-7a4cc889cb7c,0
1759340604660,0adab909-eb8f-4baf-9eed-7a4cc889cb7c,2
1759340675425,0adab909-eb8f-4baf-9eed-7a4cc889cb7c,1
1759340677788,0adab909-eb8f-4baf-9eed-7a4cc889cb7c,3
1759340733819,0adab909-eb8f-4baf-9eed-7a4cc889cb7c,0
1759340733826,0adab909-eb8f-4baf-9eed-7a4cc889cb7c,2
1759340764274,0adab909-eb8f-4baf-9eed-7a4cc889cb7c,1
1759340766081,0adab909-eb8f-4baf-9eed-7a4cc889cb7c,3
1759340786392,0adab909-eb8f-4baf-9eed-7a4cc889cb7c,0
1759340786401,0adab909-eb8f-4baf-9eed-7a4cc889cb7c,2
1759341024349,0adab909-eb8f-4baf-9eed-7a4cc889cb7c,1
1759341024966,0adab909-eb8f-4baf-9eed-7a4cc889cb7c,3
1759341031826,0adab909-eb8f-4baf-9eed-7a4cc889cb7c,0
1759341031841,0adab909-eb8f-4baf-9eed-7a4cc889cb7c,2
1759341089964,0adab909-eb8f-4baf-9eed-7a4cc889cb7c,1
1759341091570,0adab909-eb8f-4baf-9eed-7a4cc889cb7c,0
1759341091589,0adab909-eb8f-4baf-9eed-7a4cc889cb7c,2
1759341858124,0adab909-eb8f-4baf-9eed-7a4cc889cb7c,1
1759341861718,0adab909-eb8f-4baf-9eed-7a4cc889cb7c,0
1759341861732,0adab909-eb8f-4baf-9eed-7a4cc889cb7c,2
1759342173863,0adab909-eb8f-4baf-9eed-7a4cc889cb7c,1
1759342176687,0adab909-eb8f-4baf-9eed-7a4cc889cb7c,0
1759342176704,0adab909-eb8f-4baf-9eed-7a4cc889cb7c,2
1759342230520,0adab909-eb8f-4baf-9eed-7a4cc889cb7c,1
1759342231991,0adab909-eb8f-4baf-9eed-7a4cc889cb7c,3
1759342464681,0adab909-eb8f-4baf-9eed-7a4cc889cb7c,0
1759342464702,0adab909-eb8f-4baf-9eed-7a4cc889cb7c,2
1759342480617,0adab909-eb8f-4baf-9eed-7a4cc889cb7c,1
1759342481545,0adab909-eb8f-4baf-9eed-7a4cc889cb7c,3
1759350414866,0adab909-eb8f-4baf-9eed-7a4cc889cb7c,0
1759350414882,0adab909-eb8f-4baf-9eed-7a4cc889cb7c,2
1759350768399,0adab909-eb8f-4baf-9eed-7a4cc889cb7c,1
1759350772391,0adab909-eb8f-4baf-9eed-7a4cc889cb7c,3
1759352258696,0adab909-eb8f-4baf-9eed-7a4cc889cb7c,0
1759352258710,0adab909-eb8f-4baf-9eed-7a4cc889cb7c,2
1759354562210,0adab909-eb8f-4baf-9eed-7a4cc889cb7c,1
1759354568628,0adab909-eb8f-4baf-9eed-7a4cc889cb7c,0
1759354568646,0adab909-eb8f-4baf-9eed-7a4cc889cb7c,2
1759379100699,0adab909-eb8f-4baf-9eed-7a4cc889cb7c,1
1759379115985,0adab909-eb8f-4baf-9eed-7a4cc889cb7c,0
1759379115996,0adab909-eb8f-4baf-9eed-7a4cc889cb7c,2
1759379400376,0adab909-eb8f-4baf-9eed-7a4cc889cb7c,1
1759379413445,0adab909-eb8f-4baf-9eed-7a4cc889cb7c,0
1759379413456,0adab909-eb8f-4baf-9eed-7a4cc889cb7c,2
1759393838869,0adab909-eb8f-4baf-9eed-7a4cc889cb7c,1
1759393845478,0adab909-eb8f-4baf-9eed-7a4cc889cb7c,0
1759393845495,0adab909-eb8f-4baf-9eed-7a4cc889cb7c,2
1759393846059,0adab909-eb8f-4baf-9eed-7a4cc889cb7c,1
1759393857520,0adab909-eb8f-4baf-9eed-7a4cc889cb7c,0
1759393857529,0adab909-eb8f-4baf-9eed-7a4cc889cb7c,2
1759393868390,0adab909-eb8f-4baf-9eed-7a4cc889cb7c,1
1759393872607,0adab909-eb8f-4baf-9eed-7a4cc889cb7c,3
1759398445645,0adab909-eb8f-4baf-9eed-7a4cc889cb7c,0
1759398445665,0adab909-eb8f-4baf-9eed-7a4cc889cb7c,2
1759398471263,0adab909-eb8f-4baf-9eed-7a4cc889cb7c,1
1759398472342,0adab909-eb8f-4baf-9eed-7a4cc889cb7c,3
1759399419338,0adab909-eb8f-4baf-9eed-7a4cc889cb7c,0
1759399419366,0adab909-eb8f-4baf-9eed-7a4cc889cb7c,2
1759400929638,0adab909-eb8f-4baf-9eed-7a4cc889cb7c,1
1759400947389,0adab909-eb8f-4baf-9eed-7a4cc889cb7c,0
1759400947398,0adab909-eb8f-4baf-9eed-7a4cc889cb7c,2
1759400959284,0adab909-eb8f-4baf-9eed-7a4cc889cb7c,1
1759400963128,0adab909-eb8f-4baf-9eed-7a4cc889cb7c,3
1759401808781,0adab909-eb8f-4baf-9eed-7a4cc889cb7c,0
1759401870614,0adab909-eb8f-4baf-9eed-7a4cc889cb7c,1
1759401877127,0adab909-eb8f-4baf-9eed-7a4cc889cb7c,0
1759401877133,0adab909-eb8f-4baf-9eed-7a4cc889cb7c,2
1759402097808,0adab909-eb8f-4baf-9eed-7a4cc889cb7c,1
1759402575874,0adab909-eb8f-4baf-9eed-7a4cc889cb7c,3
1759404951129,0adab909-eb8f-4baf-9eed-7a4cc889cb7c,0
1759405262870,0adab909-eb8f-4baf-9eed-7a4cc889cb7c,1
1759405265043,0adab909-eb8f-4baf-9eed-7a4cc889cb7c,3
1759406929310,0adab909-eb8f-4baf-9eed-7a4cc889cb7c,0
1759407484425,0adab909-eb8f-4baf-9eed-7a4cc889cb7c,1
1759407489261,0adab909-eb8f-4baf-9eed-7a4cc889cb7c,3
1759491732787,0adab909-eb8f-4baf-9eed-7a4cc889cb7c,0
1759492417789,0adab909-eb8f-4baf-9eed-7a4cc889cb7c,1
1759492421178,0adab909-eb8f-4baf-9eed-7a4cc889cb7c,3
1759492430076,0adab909-eb8f-4baf-9eed-7a4cc889cb7c,0
1759492430088,0adab909-eb8f-4baf-9eed-7a4cc889cb7c,2
1759492959686,0adab909-eb8f-4baf-9eed-7a4cc889cb7c,1
1759492961942,0adab909-eb8f-4baf-9eed-7a4cc889cb7c,3
1759494201825,0adab909-eb8f-4baf-9eed-7a4cc889cb7c,0
1759496557134,0adab909-eb8f-4baf-9eed-7a4cc889cb7c,1
1759496561482,0adab909-eb8f-4baf-9eed-7a4cc889cb7c,3
1759497254923,0adab909-eb8f-4baf-9eed-7a4cc889cb7c,0
1759497800626,0adab909-eb8f-4baf-9eed-7a4cc889cb7c,1
1759497816315,0adab909-eb8f-4baf-9eed-7a4cc889cb7c,3
1759497826741,0adab909-eb8f-4baf-9eed-7a4cc889cb7c,0
1759497826755,0adab909-eb8f-4baf-9eed-7a4cc889cb7c,2
1759497844132,0adab909-eb8f-4baf-9eed-7a4cc889cb7c,1
1759497848651,0adab909-eb8f-4baf-9eed-7a4cc889cb7c,3
1759506148128,0adab909-eb8f-4baf-9eed-7a4cc889cb7c,0
1759507470084,0adab909-eb8f-4baf-9eed-7a4cc889cb7c,1
1759507473665,0adab909-eb8f-4baf-9eed-7a4cc889cb7c,3
1759507503645,0adab909-eb8f-4baf-9eed-7a4cc889cb7c,0
1759507503661,0adab909-eb8f-4baf-9eed-7a4cc889cb7c,2
1759508834298,0adab909-eb8f-4baf-9eed-7a4cc889cb7c,1
1759508840765,0adab909-eb8f-4baf-9eed-7a4cc889cb7c,0
1759508840782,0adab909-eb8f-4baf-9eed-7a4cc889cb7c,2
1759509486858,0adab909-eb8f-4baf-9eed-7a4cc889cb7c,1
1759509489485,0adab909-eb8f-4baf-9eed-7a4cc889cb7c,0
1759509489494,0adab909-eb8f-4baf-9eed-7a4cc889cb7c,2
1759509604283,0adab909-eb8f-4baf-9eed-7a4cc889cb7c,1
1759509608035,0adab909-eb8f-4baf-9eed-7a4cc889cb7c,3
1759509657482,0adab909-eb8f-4baf-9eed-7a4cc889cb7c,0
1759509657500,0adab909-eb8f-4baf-9eed-7a4cc889cb7c,2
1759511423947,0adab909-eb8f-4baf-9eed-7a4cc889cb7c,1
1759511425390,0adab909-eb8f-4baf-9eed-7a4cc889cb7c,3
1759512147310,0adab909-eb8f-4baf-9eed-7a4cc889cb7c,0
1759513515145,0adab909-eb8f-4baf-9eed-7a4cc889cb7c,1
1759513519444,0adab909-eb8f-4baf-9eed-7a4cc889cb7c,3
1759526397209,0adab909-eb8f-4baf-9eed-7a4cc889cb7c,0
1759526397220,0adab909-eb8f-4baf-9eed-7a4cc889cb7c,2
1759526433338,0adab909-eb8f-4baf-9eed-7a4cc889cb7c,1
1759526456600,0adab909-eb8f-4baf-9eed-7a4cc889cb7c,0
1759526456608,0adab909-eb8f-4baf-9eed-7a4cc889cb7c,2
1759528527813,0adab909-eb8f-4baf-9eed-7a4cc889cb7c,1
1759528532051,0adab909-eb8f-4baf-9eed-7a4cc889cb7c,0
1759528532058,0adab909-eb8f-4baf-9eed-7a4cc889cb7c,2
1759551900681,0adab909-eb8f-4baf-9eed-7a4cc889cb7c,1
1759551914422,0adab909-eb8f-4baf-9eed-7a4cc889cb7c,0
1759551914440,0adab909-eb8f-4baf-9eed-7a4cc889cb7c,2
1759559400387,0adab909-eb8f-4baf-9eed-7a4cc889cb7c,1
1759559413908,0adab909-eb8f-4baf-9eed-7a4cc889cb7c,0
1759559413918,0adab909-eb8f-4baf-9eed-7a4cc889cb7c,2
1759564560061,0adab909-eb8f-4baf-9eed-7a4cc889cb7c,1
1759564567314,0adab909-eb8f-4baf-9eed-7a4cc889cb7c,0
1759564567327,0adab909-eb8f-4baf-9eed-7a4cc889cb7c,2
1759564567418,0adab909-eb8f-4baf-9eed-7a4cc889cb7c,1
1759564570132,0adab909-eb8f-4baf-9eed-7a4cc889cb7c,0
1759564570141,0adab909-eb8f-4baf-9eed-7a4cc889cb7c,2
1759564767706,0adab909-eb8f-4baf-9eed-7a4cc889cb7c,1
1759564770707,0adab909-eb8f-4baf-9eed-7a4cc889cb7c,3
1759567367731,0adab909-eb8f-4baf-9eed-7a4cc889cb7c,0
1759567367743,0adab909-eb8f-4baf-9eed-7a4cc889cb7c,2
1759567372794,0adab909-eb8f-4baf-9eed-7a4cc889cb7c,1
1759567375059,0adab909-eb8f-4baf-9eed-7a4cc889cb7c,3
1759568233564,0adab909-eb8f-4baf-9eed-7a4cc889cb7c,0
1759568233581,0adab909-eb8f-4baf-9eed-7a4cc889cb7c,2
1759569935625,0adab909-eb8f-4baf-9eed-7a4cc889cb7c,1
1759569936973,0adab909-eb8f-4baf-9eed-7a4cc889cb7c,3
1759569990449,0adab909-eb8f-4baf-9eed-7a4cc889cb7c,0
1759569990458,0adab909-eb8f-4baf-9eed-7a4cc889cb7c,2
1759570153664,0adab909-eb8f-4baf-9eed-7a4cc889cb7c,1
1759570156036,0adab909-eb8f-4baf-9eed-7a4cc889cb7c,3
1759570196136,0adab909-eb8f-4baf-9eed-7a4cc889cb7c,0
1759570196147,0adab909-eb8f-4baf-9eed-7a4cc889cb7c,2
1759570926114,0adab909-eb8f-4baf-9eed-7a4cc889cb7c,1
1759570928329,0adab909-eb8f-4baf-9eed-7a4cc889cb7c,3
1759570974218,0adab909-eb8f-4baf-9eed-7a4cc889cb7c,0
1759570974230,0adab909-eb8f-4baf-9eed-7a4cc889cb7c,2
1759573517552,0adab909-eb8f-4baf-9eed-7a4cc889cb7c,1
1759573520192,0adab909-eb8f-4baf-9eed-7a4cc889cb7c,3
1759574626521,0adab909-eb8f-4baf-9eed-7a4cc889cb7c,0
1759574626533,0adab909-eb8f-4baf-9eed-7a4cc889cb7c,2
1759574876931,0adab909-eb8f-4baf-9eed-7a4cc889cb7c,1
1759574948772,0adab909-eb8f-4baf-9eed-7a4cc889cb7c,3
1759578323774,0adab909-eb8f-4baf-9eed-7a4cc889cb7c,0
1759582838725,0adab909-eb8f-4baf-9eed-7a4cc889cb7c,1
1759582843061,0adab909-eb8f-4baf-9eed-7a4cc889cb7c,3
1759582849810,0adab909-eb8f-4baf-9eed-7a4cc889cb7c,0
1759582849834,0adab909-eb8f-4baf-9eed-7a4cc889cb7c,2
1759584321118,0adab909-eb8f-4baf-9eed-7a4cc889cb7c,1
1759584324893,0adab909-eb8f-4baf-9eed-7a4cc889cb7c,3
1759586758686,0adab909-eb8f-4baf-9eed-7a4cc889cb7c,0
1759586758736,0adab909-eb8f-4baf-9eed-7a4cc889cb7c,2
1759587420449,0adab909-eb8f-4baf-9eed-7a4cc889cb7c,1
1759587421502,0adab909-eb8f-4baf-9eed-7a4cc889cb7c,3
1759588029915,0adab909-eb8f-4baf-9eed-7a4cc889cb7c,0
1759593003886,0adab909-eb8f-4baf-9eed-7a4cc889cb7c,1
1759593009193,0adab909-eb8f-4baf-9eed-7a4cc889cb7c,3
1759593725045,0adab909-eb8f-4baf-9eed-7a4cc889cb7c,0
1759593725056,0adab909-eb8f-4baf-9eed-7a4cc889cb7c,2
1759593821845,0adab909-eb8f-4baf-9eed-7a4cc889cb7c,1
1759593823085,0adab909-eb8f-4baf-9eed-7a4cc889cb7c,3
1759594608181,0adab909-eb8f-4baf-9eed-7a4cc889cb7c,0
1759594761470,0adab909-eb8f-4baf-9eed-7a4cc889cb7c,1
1759594763680,0adab909-eb8f-4baf-9eed-7a4cc889cb7c,3
1759595375192,0adab909-eb8f-4baf-9eed-7a4cc889cb7c,0
1759597396477,0adab909-eb8f-4baf-9eed-7a4cc889cb7c,1
1759597408934,0adab909-eb8f-4baf-9eed-7a4cc889cb7c,0
1759597408954,0adab909-eb8f-4baf-9eed-7a4cc889cb7c,2
1759597954357,0adab909-eb8f-4baf-9eed-7a4cc889cb7c,1
1759597955759,0adab909-eb8f-4baf-9eed-7a4cc889cb7c,0
1759597955770,0adab909-eb8f-4baf-9eed-7a4cc889cb7c,2
1759597955859,0adab909-eb8f-4baf-9eed-7a4cc889cb7c,1
1759597956644,0adab909-eb8f-4baf-9eed-7a4cc889cb7c,3
1759598588210,0adab909-eb8f-4baf-9eed-7a4cc889cb7c,0
1759598678838,0adab909-eb8f-4baf-9eed-7a4cc889cb7c,1
1759598686391,0adab909-eb8f-4baf-9eed-7a4cc889cb7c,0
1759598686399,0adab909-eb8f-4baf-9eed-7a4cc889cb7c,2
1759598971590,0adab909-eb8f-4baf-9eed-7a4cc889cb7c,1
1759598977767,0adab909-eb8f-4baf-9eed-7a4cc889cb7c,3
1759599391101,0adab909-eb8f-4baf-9eed-7a4cc889cb7c,0
1759599391115,0adab909-eb8f-4baf-9eed-7a4cc889cb7c,2
1759599424770,0adab909-eb8f-4baf-9eed-7a4cc889cb7c,1
1759599428075,0adab909-eb8f-4baf-9eed-7a4cc889cb7c,3
1759599432363,0adab909-eb8f-4baf-9eed-7a4cc889cb7c,0
1759599432382,0adab909-eb8f-4baf-9eed-7a4cc889cb7c,2
1759599519604,0adab909-eb8f-4baf-9eed-7a4cc889cb7c,1
1759599520404,0adab909-eb8f-4baf-9eed-7a4cc889cb7c,3
1759599723994,0adab909-eb8f-4baf-9eed-7a4cc889cb7c,0
1759599724007,0adab909-eb8f-4baf-9eed-7a4cc889cb7c,2
1759599732546,0adab909-eb8f-4baf-9eed-7a4cc889cb7c,1
1759599735352,0adab909-eb8f-4baf-9eed-7a4cc889cb7c,3
1759599927716,0adab909-eb8f-4baf-9eed-7a4cc889cb7c,0
1759599927728,0adab909-eb8f-4baf-9eed-7a4cc889cb7c,2
1759599995099,0adab909-eb8f-4baf-9eed-7a4cc889cb7c,1
1759599997064,0adab909-eb8f-4baf-9eed-7a4cc889cb7c,3
1759600012480,0adab909-eb8f-4baf-9eed-7a4cc889cb7c,0
1759600012492,0adab909-eb8f-4baf-9eed-7a4cc889cb7c,2
1759600061568,0adab909-eb8f-4baf-9eed-7a4cc889cb7c,1
1759600062265,0adab909-eb8f-4baf-9eed-7a4cc889cb7c,3
1759600138363,0adab909-eb8f-4baf-9eed-7a4cc889cb7c,0
1759600138377,0adab909-eb8f-4baf-9eed-7a4cc889cb7c,2
1759600288067,0adab909-eb8f-4baf-9eed-7a4cc889cb7c,1
1759600289894,0adab909-eb8f-4baf-9eed-7a4cc889cb7c,0
1759600289907,0adab909-eb8f-4baf-9eed-7a4cc889cb7c,2
1759602870144,0adab909-eb8f-4baf-9eed-7a4cc889cb7c,1
1759602873409,0adab909-eb8f-4baf-9eed-7a4cc889cb7c,3
1759603484263,0adab909-eb8f-4baf-9eed-7a4cc889cb7c,0
1759605243761,0adab909-eb8f-4baf-9eed-7a4cc889cb7c,1
1759605245787,0adab909-eb8f-4baf-9eed-7a4cc889cb7c,3
1759605786042,0adab909-eb8f-4baf-9eed-7a4cc889cb7c,0
1759605786050,0adab909-eb8f-4baf-9eed-7a4cc889cb7c,2
1759605860471,0adab909-eb8f-4baf-9eed-7a4cc889cb7c,1
1759605864467,0adab909-eb8f-4baf-9eed-7a4cc889cb7c,3
1759606552971,0adab909-eb8f-4baf-9eed-7a4cc889cb7c,0
1759609691130,0adab909-eb8f-4baf-9eed-7a4cc889cb7c,1
1759609697147,0adab909-eb8f-4baf-9eed-7a4cc889cb7c,0
1759609697167,0adab909-eb8f-4baf-9eed-7a4cc889cb7c,2
1759609871883,0adab909-eb8f-4baf-9eed-7a4cc889cb7c,1
1759609872938,0adab909-eb8f-4baf-9eed-7a4cc889cb7c,3
1759610696572,0adab909-eb8f-4baf-9eed-7a4cc889cb7c,0
1759610696590,0adab909-eb8f-4baf-9eed-7a4cc889cb7c,2
1759610759175,0adab909-eb8f-4baf-9eed-7a4cc889cb7c,1
1759610760237,0adab909-eb8f-4baf-9eed-7a4cc889cb7c,3
1759615113657,0adab909-eb8f-4baf-9eed-7a4cc889cb7c,0
1759615113671,0adab909-eb8f-4baf-9eed-7a4cc889cb7c,2
1759615376426,0adab909-eb8f-4baf-9eed-7a4cc889cb7c,1
1759615377205,0adab909-eb8f-4baf-9eed-7a4cc889cb7c,3
1759615788102,0adab909-eb8f-4baf-9eed-7a4cc889cb7c,0
1759615788110,0adab909-eb8f-4baf-9eed-7a4cc889cb7c,2
1759615867095,0adab909-eb8f-4baf-9eed-7a4cc889cb7c,1
1759615867861,0adab909-eb8f-4baf-9eed-7a4cc889cb7c,3
1759616492798,0adab909-eb8f-4baf-9eed-7a4cc889cb7c,0
1759616492812,0adab909-eb8f-4baf-9eed-7a4cc889cb7c,2
1759616682185,0adab909-eb8f-4baf-9eed-7a4cc889cb7c,1
1759616688469,0adab909-eb8f-4baf-9eed-7a4cc889cb7c,3
1759618462928,0adab909-eb8f-4baf-9eed-7a4cc889cb7c,0
1759618462939,0adab909-eb8f-4baf-9eed-7a4cc889cb7c,2
1759638300526,0adab909-eb8f-4baf-9eed-7a4cc889cb7c,1
1759638311694,0adab909-eb8f-4baf-9eed-7a4cc889cb7c,0
1759638311704,0adab909-eb8f-4baf-9eed-7a4cc889cb7c,2
1759645800558,0adab909-eb8f-4baf-9eed-7a4cc889cb7c,1
1759645812406,0adab909-eb8f-4baf-9eed-7a4cc889cb7c,0
1759645812418,0adab909-eb8f-4baf-9eed-7a4cc889cb7c,2
1759648713264,0adab909-eb8f-4baf-9eed-7a4cc889cb7c,1
1759648715599,0adab909-eb8f-4baf-9eed-7a4cc889cb7c,0
1759648715605,0adab909-eb8f-4baf-9eed-7a4cc889cb7c,2
1759648715895,0adab909-eb8f-4baf-9eed-7a4cc889cb7c,1
1759648721246,0adab909-eb8f-4baf-9eed-7a4cc889cb7c,3
1759648747250,0adab909-eb8f-4baf-9eed-7a4cc889cb7c,0
1759648747258,0adab909-eb8f-4baf-9eed-7a4cc889cb7c,2
1759648793491,0adab909-eb8f-4baf-9eed-7a4cc889cb7c,1
1759648794341,0adab909-eb8f-4baf-9eed-7a4cc889cb7c,3
1759649730456,0adab909-eb8f-4baf-9eed-7a4cc889cb7c,0
1759649730467,0adab909-eb8f-4baf-9eed-7a4cc889cb7c,2
1759649789766,0adab909-eb8f-4baf-9eed-7a4cc889cb7c,1
1759649793163,0adab909-eb8f-4baf-9eed-7a4cc889cb7c,0
1759649793172,0adab909-eb8f-4baf-9eed-7a4cc889cb7c,2
1759649800019,0adab909-eb8f-4baf-9eed-7a4cc889cb7c,1
1759649803187,0adab909-eb8f-4baf-9eed-7a4cc889cb7c,0
1759649803194,0adab909-eb8f-4baf-9eed-7a4cc889cb7c,2
1759649807475,0adab909-eb8f-4baf-9eed-7a4cc889cb7c,1
1759649808120,0adab909-eb8f-4baf-9eed-7a4cc889cb7c,3
1759652355374,0adab909-eb8f-4baf-9eed-7a4cc889cb7c,0
1759652355387,0adab909-eb8f-4baf-9eed-7a4cc889cb7c,2
1759653540469,0adab909-eb8f-4baf-9eed-7a4cc889cb7c,1
1759653546944,0adab909-eb8f-4baf-9eed-7a4cc889cb7c,0
1759653546954,0adab909-eb8f-4baf-9eed-7a4cc889cb7c,2
1759654069309,0adab909-eb8f-4baf-9eed-7a4cc889cb7c,1
1759654070668,0adab909-eb8f-4baf-9eed-7a4cc889cb7c,3
1759654676616,0adab909-eb8f-4baf-9eed-7a4cc889cb7c,0
1759655258226,0adab909-eb8f-4baf-9eed-7a4cc889cb7c,1
1759655261113,0adab909-eb8f-4baf-9eed-7a4cc889cb7c,3
1759655285824,0adab909-eb8f-4baf-9eed-7a4cc889cb7c,0
1759655285834,0adab909-eb8f-4baf-9eed-7a4cc889cb7c,2
1759657453877,0adab909-eb8f-4baf-9eed-7a4cc889cb7c,1
1759657460466,0adab909-eb8f-4baf-9eed-7a4cc889cb7c,0
1759657460493,0adab909-eb8f-4baf-9eed-7a4cc889cb7c,2
1759658141667,0adab909-eb8f-4baf-9eed-7a4cc889cb7c,1
1759658144029,0adab909-eb8f-4baf-9eed-7a4cc889cb7c,3
1759659365680,0adab909-eb8f-4baf-9eed-7a4cc889cb7c,0
1759662629723,0adab909-eb8f-4baf-9eed-7a4cc889cb7c,1
1759662631548,0adab909-eb8f-4baf-9eed-7a4cc889cb7c,0
1759662631556,0adab909-eb8f-4baf-9eed-7a4cc889cb7c,2
1759662632041,0adab909-eb8f-4baf-9eed-7a4cc889cb7c,1
1759662633700,0adab909-eb8f-4baf-9eed-7a4cc889cb7c,3
1759663183425,0adab909-eb8f-4baf-9eed-7a4cc889cb7c,0
1759663183444,0adab909-eb8f-4baf-9eed-7a4cc889cb7c,2
1759663253373,0adab909-eb8f-4baf-9eed-7a4cc889cb7c,1
1759663264385,0adab909-eb8f-4baf-9eed-7a4cc889cb7c,0
1759663264395,0adab909-eb8f-4baf-9eed-7a4cc889cb7c,2
1759663282903,0adab909-eb8f-4baf-9eed-7a4cc889cb7c,1
1759663288451,0adab909-eb8f-4baf-9eed-7a4cc889cb7c,0
1759663288462,0adab909-eb8f-4baf-9eed-7a4cc889cb7c,2
1759663459708,0adab909-eb8f-4baf-9eed-7a4cc889cb7c,1
1759663511228,0adab909-eb8f-4baf-9eed-7a4cc889cb7c,0
1759663511239,0adab909-eb8f-4baf-9eed-7a4cc889cb7c,2
1759664689849,0adab909-eb8f-4baf-9eed-7a4cc889cb7c,1
1759664694892,0adab909-eb8f-4baf-9eed-7a4cc889cb7c,3
1759664739240,0adab909-eb8f-4baf-9eed-7a4cc889cb7c,0
1759664739256,0adab909-eb8f-4baf-9eed-7a4cc889cb7c,2
1759665212912,0adab909-eb8f-4baf-9eed-7a4cc889cb7c,1
1759665221346,0adab909-eb8f-4baf-9eed-7a4cc889cb7c,0
1759665221359,0adab909-eb8f-4baf-9eed-7a4cc889cb7c,2
1759665378624,0adab909-eb8f-4baf-9eed-7a4cc889cb7c,1
1759665382876,0adab909-eb8f-4baf-9eed-7a4cc889cb7c,0
1759665382908,0adab909-eb8f-4baf-9eed-7a4cc889cb7c,2
1759665524497,0adab909-eb8f-4baf-9eed-7a4cc889cb7c,1
1759665531093,0adab909-eb8f-4baf-9eed-7a4cc889cb7c,0
1759665531126,0adab909-eb8f-4baf-9eed-7a4cc889cb7c,2
1759665531297,0adab909-eb8f-4baf-9eed-7a4cc889cb7c,1
1759665535569,0adab909-eb8f-4baf-9eed-7a4cc889cb7c,0
1759665535583,0adab909-eb8f-4baf-9eed-7a4cc889cb7c,2
1759665887842,0adab909-eb8f-4baf-9eed-7a4cc889cb7c,1
1759665896059,0adab909-eb8f-4baf-9eed-7a4cc889cb7c,0
1759665896068,0adab909-eb8f-4baf-9eed-7a4cc889cb7c,2
1759667789876,0adab909-eb8f-4baf-9eed-7a4cc889cb7c,1
1759667801612,0adab909-eb8f-4baf-9eed-7a4cc889cb7c,0
1759667801621,0adab909-eb8f-4baf-9eed-7a4cc889cb7c,2
1759667968221,0adab909-eb8f-4baf-9eed-7a4cc889cb7c,1
1759667973190,0adab909-eb8f-4baf-9eed-7a4cc889cb7c,3
1759668664172,0adab909-eb8f-4baf-9eed-7a4cc889cb7c,0
1759668664187,0adab909-eb8f-4baf-9eed-7a4cc889cb7c,2
1759670464067,0adab909-eb8f-4baf-9eed-7a4cc889cb7c,1
1759670466266,0adab909-eb8f-4baf-9eed-7a4cc889cb7c,3
1759671353779,0adab909-eb8f-4baf-9eed-7a4cc889cb7c,0
1759671353791,0adab909-eb8f-4baf-9eed-7a4cc889cb7c,2
1759671525119,0adab909-eb8f-4baf-9eed-7a4cc889cb7c,1
1759671528453,0adab909-eb8f-4baf-9eed-7a4cc889cb7c,3
1759672375076,0adab909-eb8f-4baf-9eed-7a4cc889cb7c,0
1759677077285,0adab909-eb8f-4baf-9eed-7a4cc889cb7c,1
1759677291079,0adab909-eb8f-4baf-9eed-7a4cc889cb7c,3
1759678772611,0adab909-eb8f-4baf-9eed-7a4cc889cb7c,0
1759678772637,0adab909-eb8f-4baf-9eed-7a4cc889cb7c,2
1759680148558,0adab909-eb8f-4baf-9eed-7a4cc889cb7c,1
1759680152856,0adab909-eb8f-4baf-9eed-7a4cc889cb7c,3
1759680160844,0adab909-eb8f-4baf-9eed-7a4cc889cb7c,0
1759680160857,0adab909-eb8f-4baf-9eed-7a4cc889cb7c,2
1759682876082,0adab909-eb8f-4baf-9eed-7a4cc889cb7c,1
1759682879585,0adab909-eb8f-4baf-9eed-7a4cc889cb7c,3
1759682892698,0adab909-eb8f-4baf-9eed-7a4cc889cb7c,0
1759682892709,0adab909-eb8f-4baf-9eed-7a4cc889cb7c,2
1759683966571,0adab909-eb8f-4baf-9eed-7a4cc889cb7c,1
1759683969367,0adab909-eb8f-4baf-9eed-7a4cc889cb7c,3
1759684024007,0adab909-eb8f-4baf-9eed-7a4cc889cb7c,0
1759684024023,0adab909-eb8f-4baf-9eed-7a4cc889cb7c,2
1759685589224,0adab909-eb8f-4baf-9eed-7a4cc889cb7c,1
1759685591148,0adab909-eb8f-4baf-9eed-7a4cc889cb7c,0
1759685591158,0adab909-eb8f-4baf-9eed-7a4cc889cb7c,2
1759685664721,0adab909-eb8f-4baf-9eed-7a4cc889cb7c,1
1759685666039,0adab909-eb8f-4baf-9eed-7a4cc889cb7c,0
1759685666052,0adab909-eb8f-4baf-9eed-7a4cc889cb7c,2
1759685697347,0adab909-eb8f-4baf-9eed-7a4cc889cb7c,1
1759685698318,0adab909-eb8f-4baf-9eed-7a4cc889cb7c,3
1759686357812,0adab909-eb8f-4baf-9eed-7a4cc889cb7c,0
1759686357824,0adab909-eb8f-4baf-9eed-7a4cc889cb7c,2
1759686413541,0adab909-eb8f-4baf-9eed-7a4cc889cb7c,1
1759686416229,0adab909-eb8f-4baf-9eed-7a4cc889cb7c,3
1759692450454,0adab909-eb8f-4baf-9eed-7a4cc889cb7c,0
1759692450470,0adab909-eb8f-4baf-9eed-7a4cc889cb7c,2
1759692610125,0adab909-eb8f-4baf-9eed-7a4cc889cb7c,1
1759692611708,0adab909-eb8f-4baf-9eed-7a4cc889cb7c,3
1759692710576,0adab909-eb8f-4baf-9eed-7a4cc889cb7c,0
1759692710584,0adab909-eb8f-4baf-9eed-7a4cc889cb7c,2
1759695376688,0adab909-eb8f-4baf-9eed-7a4cc889cb7c,1
1759695379015,0adab909-eb8f-4baf-9eed-7a4cc889cb7c,3
1759695383995,0adab909-eb8f-4baf-9eed-7a4cc889cb7c,0
1759695384011,0adab909-eb8f-4baf-9eed-7a4cc889cb7c,2
1759697410359,0adab909-eb8f-4baf-9eed-7a4cc889cb7c,1
1759697413592,0adab909-eb8f-4baf-9eed-7a4cc889cb7c,0
1759697413600,0adab909-eb8f-4baf-9eed-7a4cc889cb7c,2
1759697544256,0adab909-eb8f-4baf-9eed-7a4cc889cb7c,1
1759697545055,0adab909-eb8f-4baf-9eed-7a4cc889cb7c,3
1759698851922,0adab909-eb8f-4baf-9eed-7a4cc889cb7c,0
1759698851938,0adab909-eb8f-4baf-9eed-7a4cc889cb7c,2
1759698911719,0adab909-eb8f-4baf-9eed-7a4cc889cb7c,1
1759698914063,0adab909-eb8f-4baf-9eed-7a4cc889cb7c,3
1759702533510,0adab909-eb8f-4baf-9eed-7a4cc889cb7c,0
1759702533521,0adab909-eb8f-4baf-9eed-7a4cc889cb7c,2
1759702598694,0adab909-eb8f-4baf-9eed-7a4cc889cb7c,1
1759702600974,0adab909-eb8f-4baf-9eed-7a4cc889cb7c,0
1759702600980,0adab909-eb8f-4baf-9eed-7a4cc889cb7c,2
1759724700924,0adab909-eb8f-4baf-9eed-7a4cc889cb7c,1
1759724717247,0adab909-eb8f-4baf-9eed-7a4cc889cb7c,0
1759724717292,0adab909-eb8f-4baf-9eed-7a4cc889cb7c,2
1759724729625,0adab909-eb8f-4baf-9eed-7a4cc889cb7c,1
1759724736207,0adab909-eb8f-4baf-9eed-7a4cc889cb7c,0
1759724736221,0adab909-eb8f-4baf-9eed-7a4cc889cb7c,2
1759725000404,0adab909-eb8f-4baf-9eed-7a4cc889cb7c,1
1759725009653,0adab909-eb8f-4baf-9eed-7a4cc889cb7c,0
1759725009658,0adab909-eb8f-4baf-9eed-7a4cc889cb7c,2
1759732202072,0adab909-eb8f-4baf-9eed-7a4cc889cb7c,1
1759732216571,0adab909-eb8f-4baf-9eed-7a4cc889cb7c,0
1759732216589,0adab909-eb8f-4baf-9eed-7a4cc889cb7c,2
1759732222015,0adab909-eb8f-4baf-9eed-7a4cc889cb7c,1
1759732228601,0adab909-eb8f-4baf-9eed-7a4cc889cb7c,0
1759732228612,0adab909-eb8f-4baf-9eed-7a4cc889cb7c,2
1759737856688,0adab909-eb8f-4baf-9eed-7a4cc889cb7c,1
1759737865247,0adab909-eb8f-4baf-9eed-7a4cc889cb7c,3
1759737869565,0adab909-eb8f-4baf-9eed-7a4cc889cb7c,0
1759737869583,0adab909-eb8f-4baf-9eed-7a4cc889cb7c,2
1759738013349,0adab909-eb8f-4baf-9eed-7a4cc889cb7c,1
1759738018342,0adab909-eb8f-4baf-9eed-7a4cc889cb7c,3
1759739477573,0adab909-eb8f-4baf-9eed-7a4cc889cb7c,0
1759739477579,0adab909-eb8f-4baf-9eed-7a4cc889cb7c,2
1759739491452,0adab909-eb8f-4baf-9eed-7a4cc889cb7c,1
1759739493442,0adab909-eb8f-4baf-9eed-7a4cc889cb7c,3
1759740196626,0adab909-eb8f-4baf-9eed-7a4cc889cb7c,0
1759740196638,0adab909-eb8f-4baf-9eed-7a4cc889cb7c,2
1759741664318,0adab909-eb8f-4baf-9eed-7a4cc889cb7c,1
1759741665676,0adab909-eb8f-4baf-9eed-7a4cc889cb7c,3
1759742659450,0adab909-eb8f-4baf-9eed-7a4cc889cb7c,0
1759742659458,0adab909-eb8f-4baf-9eed-7a4cc889cb7c,2
1759742688236,0adab909-eb8f-4baf-9eed-7a4cc889cb7c,1
1759742689749,0adab909-eb8f-4baf-9eed-7a4cc889cb7c,0
1759742689756,0adab909-eb8f-4baf-9eed-7a4cc889cb7c,2
1759744189773,0adab909-eb8f-4baf-9eed-7a4cc889cb7c,1
1759744195076,0adab909-eb8f-4baf-9eed-7a4cc889cb7c,0
1759744195083,0adab909-eb8f-4baf-9eed-7a4cc889cb7c,2
1759744195348,0adab909-eb8f-4baf-9eed-7a4cc889cb7c,1
1759744195836,0adab909-eb8f-4baf-9eed-7a4cc889cb7c,3
1759744804414,0adab909-eb8f-4baf-9eed-7a4cc889cb7c,0
1759745172705,0adab909-eb8f-4baf-9eed-7a4cc889cb7c,1
1759745175024,0adab909-eb8f-4baf-9eed-7a4cc889cb7c,3
1759745183109,0adab909-eb8f-4baf-9eed-7a4cc889cb7c,0
1759745183117,0adab909-eb8f-4baf-9eed-7a4cc889cb7c,2
1759747530984,0adab909-eb8f-4baf-9eed-7a4cc889cb7c,1
1759747533601,0adab909-eb8f-4baf-9eed-7a4cc889cb7c,0
1759747533619,0adab909-eb8f-4baf-9eed-7a4cc889cb7c,2
1759747539427,0adab909-eb8f-4baf-9eed-7a4cc889cb7c,1
1759747541880,0adab909-eb8f-4baf-9eed-7a4cc889cb7c,3
1759748178728,0adab909-eb8f-4baf-9eed-7a4cc889cb7c,0
1759748327002,0adab909-eb8f-4baf-9eed-7a4cc889cb7c,1
1759748335636,0adab909-eb8f-4baf-9eed-7a4cc889cb7c,0
1759748335647,0adab909-eb8f-4baf-9eed-7a4cc889cb7c,2
1759748764992,0adab909-eb8f-4baf-9eed-7a4cc889cb7c,1
1759748774816,0adab909-eb8f-4baf-9eed-7a4cc889cb7c,0
1759748774825,0adab909-eb8f-4baf-9eed-7a4cc889cb7c,2
1759749172690,0adab909-eb8f-4baf-9eed-7a4cc889cb7c,1
1759749175472,0adab909-eb8f-4baf-9eed-7a4cc889cb7c,3
1759750641895,0adab909-eb8f-4baf-9eed-7a4cc889cb7c,0
1759750641905,0adab909-eb8f-4baf-9eed-7a4cc889cb7c,2
1759751650146,0adab909-eb8f-4baf-9eed-7a4cc889cb7c,1
1759751652624,0adab909-eb8f-4baf-9eed-7a4cc889cb7c,3
1759753322960,0adab909-eb8f-4baf-9eed-7a4cc889cb7c,0
1759753815794,0adab909-eb8f-4baf-9eed-7a4cc889cb7c,1
1759753818397,0adab909-eb8f-4baf-9eed-7a4cc889cb7c,3
1759754434332,0adab909-eb8f-4baf-9eed-7a4cc889cb7c,0
1759754905136,0adab909-eb8f-4baf-9eed-7a4cc889cb7c,1
1759754908429,0adab909-eb8f-4baf-9eed-7a4cc889cb7c,3
1759754944947,0adab909-eb8f-4baf-9eed-7a4cc889cb7c,0
1759754944956,0adab909-eb8f-4baf-9eed-7a4cc889cb7c,2
1759755318301,0adab909-eb8f-4baf-9eed-7a4cc889cb7c,1
1759755321891,0adab909-eb8f-4baf-9eed-7a4cc889cb7c,3
1759755331763,0adab909-eb8f-4baf-9eed-7a4cc889cb7c,0
1759755331775,0adab909-eb8f-4baf-9eed-7a4cc889cb7c,2
1759755505855,0adab909-eb8f-4baf-9eed-7a4cc889cb7c,1
1759755508450,0adab909-eb8f-4baf-9eed-7a4cc889cb7c,3
1759756176696,0adab909-eb8f-4baf-9eed-7a4cc889cb7c,0
1759756693150,0adab909-eb8f-4baf-9eed-7a4cc889cb7c,1
1759756701698,0adab909-eb8f-4baf-9eed-7a4cc889cb7c,0
1759756701707,0adab909-eb8f-4baf-9eed-7a4cc889cb7c,2
1759756793194,0adab909-eb8f-4baf-9eed-7a4cc889cb7c,1
1759756796623,0adab909-eb8f-4baf-9eed-7a4cc889cb7c,3
1759756803547,0adab909-eb8f-4baf-9eed-7a4cc889cb7c,0
1759756803554,0adab909-eb8f-4baf-9eed-7a4cc889cb7c,2
1759758157733,0adab909-eb8f-4baf-9eed-7a4cc889cb7c,1
1759758160162,0adab909-eb8f-4baf-9eed-7a4cc889cb7c,3
1759758648502,0adab909-eb8f-4baf-9eed-7a4cc889cb7c,0
1759758648510,0adab909-eb8f-4baf-9eed-7a4cc889cb7c,2
1759759210126,0adab909-eb8f-4baf-9eed-7a4cc889cb7c,1
1759759213383,0adab909-eb8f-4baf-9eed-7a4cc889cb7c,0
1759759213395,0adab909-eb8f-4baf-9eed-7a4cc889cb7c,2
1759759213511,0adab909-eb8f-4baf-9eed-7a4cc889cb7c,1
1759759214273,0adab909-eb8f-4baf-9eed-7a4cc889cb7c,3
1759761536410,0adab909-eb8f-4baf-9eed-7a4cc889cb7c,0
1759761957309,0adab909-eb8f-4baf-9eed-7a4cc889cb7c,1
1759761960851,0adab909-eb8f-4baf-9eed-7a4cc889cb7c,3
1759762986134,0adab909-eb8f-4baf-9eed-7a4cc889cb7c,0
1759762988192,0adab909-eb8f-4baf-9eed-7a4cc889cb7c,1
1759764226207,0adab909-eb8f-4baf-9eed-7a4cc889cb7c,0
1759765826247,0adab909-eb8f-4baf-9eed-7a4cc889cb7c,1
1759765832875,0adab909-eb8f-4baf-9eed-7a4cc889cb7c,0
1759765832888,0adab909-eb8f-4baf-9eed-7a4cc889cb7c,2
1759765952245,0adab909-eb8f-4baf-9eed-7a4cc889cb7c,1
1759765954528,0adab909-eb8f-4baf-9eed-7a4cc889cb7c,3
1759766648106,0adab909-eb8f-4baf-9eed-7a4cc889cb7c,0
1759767088467,0adab909-eb8f-4baf-9eed-7a4cc889cb7c,1
1759767090888,0adab909-eb8f-4baf-9eed-7a4cc889cb7c,3
1759767814899,0adab909-eb8f-4baf-9eed-7a4cc889cb7c,0
1759768794710,0adab909-eb8f-4baf-9eed-7a4cc889cb7c,1
1759768804801,0adab909-eb8f-4baf-9eed-7a4cc889cb7c,0
1759768804819,0adab909-eb8f-4baf-9eed-7a4cc889cb7c,2
1759768962821,0adab909-eb8f-4baf-9eed-7a4cc889cb7c,1
1759768967896,0adab909-eb8f-4baf-9eed-7a4cc889cb7c,3
1759769109126,0adab909-eb8f-4baf-9eed-7a4cc889cb7c,0
1759769109140,0adab909-eb8f-4baf-9eed-7a4cc889cb7c,2
1759774847103,0adab909-eb8f-4baf-9eed-7a4cc889cb7c,1
1759774849019,0adab909-eb8f-4baf-9eed-7a4cc889cb7c,3
1759775352073,0adab909-eb8f-4baf-9eed-7a4cc889cb7c,0
1759775352093,0adab909-eb8f-4baf-9eed-7a4cc889cb7c,2
1759775579573,0adab909-eb8f-4baf-9eed-7a4cc889cb7c,1
1759775580503,0adab909-eb8f-4baf-9eed-7a4cc889cb7c,3
1759775763510,0adab909-eb8f-4baf-9eed-7a4cc889cb7c,0
1759775763520,0adab909-eb8f-4baf-9eed-7a4cc889cb7c,2
1759775854336,0adab909-eb8f-4baf-9eed-7a4cc889cb7c,1
1759775856186,0adab909-eb8f-4baf-9eed-7a4cc889cb7c,3
1759776467232,0adab909-eb8f-4baf-9eed-7a4cc889cb7c,0
1759777218642,0adab909-eb8f-4baf-9eed-7a4cc889cb7c,1
1759777221331,0adab909-eb8f-4baf-9eed-7a4cc889cb7c,3
1759778107006,0adab909-eb8f-4baf-9eed-7a4cc889cb7c,0
1759778768992,0adab909-eb8f-4baf-9eed-7a4cc889cb7c,1
1759778772446,0adab909-eb8f-4baf-9eed-7a4cc889cb7c,3
1759779161731,0adab909-eb8f-4baf-9eed-7a4cc889cb7c,0
1759779161742,0adab909-eb8f-4baf-9eed-7a4cc889cb7c,2
1759780266320,0adab909-eb8f-4baf-9eed-7a4cc889cb7c,1
1759780269001,0adab909-eb8f-4baf-9eed-7a4cc889cb7c,3
1759780387585,0adab909-eb8f-4baf-9eed-7a4cc889cb7c,0
1759780387592,0adab909-eb8f-4baf-9eed-7a4cc889cb7c,2
1759781556525,0adab909-eb8f-4baf-9eed-7a4cc889cb7c,1
1759781562305,0adab909-eb8f-4baf-9eed-7a4cc889cb7c,0
1759781562324,0adab909-eb8f-4baf-9eed-7a4cc889cb7c,2
1759781562503,0adab909-eb8f-4baf-9eed-7a4cc889cb7c,1
1759781563068,0adab909-eb8f-4baf-9eed-7a4cc889cb7c,3
1759781781316,0adab909-eb8f-4baf-9eed-7a4cc889cb7c,0
1759781781330,0adab909-eb8f-4baf-9eed-7a4cc889cb7c,2
1759782022351,0adab909-eb8f-4baf-9eed-7a4cc889cb7c,1
1759782024732,0adab909-eb8f-4baf-9eed-7a4cc889cb7c,3
1759782040020,0adab909-eb8f-4baf-9eed-7a4cc889cb7c,0
1759782040033,0adab909-eb8f-4baf-9eed-7a4cc889cb7c,2
1759782060430,0adab909-eb8f-4baf-9eed-7a4cc889cb7c,1
1759782066946,0adab909-eb8f-4baf-9eed-7a4cc889cb7c,0
1759782066961,0adab909-eb8f-4baf-9eed-7a4cc889cb7c,2
1759782083067,0adab909-eb8f-4baf-9eed-7a4cc889cb7c,1
1759782084214,0adab909-eb8f-4baf-9eed-7a4cc889cb7c,3
1759782460951,0adab909-eb8f-4baf-9eed-7a4cc889cb7c,0
1759782461005,0adab909-eb8f-4baf-9eed-7a4cc889cb7c,2
1759782566562,0adab909-eb8f-4baf-9eed-7a4cc889cb7c,1
1759782568948,0adab909-eb8f-4baf-9eed-7a4cc889cb7c,3
1759782588681,0adab909-eb8f-4baf-9eed-7a4cc889cb7c,0
1759782588690,0adab909-eb8f-4baf-9eed-7a4cc889cb7c,2
1759782600948,0adab909-eb8f-4baf-9eed-7a4cc889cb7c,1
1759782602096,0adab909-eb8f-4baf-9eed-7a4cc889cb7c,3
1759788714610,0adab909-eb8f-4baf-9eed-7a4cc889cb7c,0
1759788714618,0adab909-eb8f-4baf-9eed-7a4cc889cb7c,2
1759811100389,0adab909-eb8f-4baf-9eed-7a4cc889cb7c,1
1759811113466,0adab909-eb8f-4baf-9eed-7a4cc889cb7c,0
1759811113474,0adab909-eb8f-4baf-9eed-7a4cc889cb7c,2
1759818575965,0adab909-eb8f-4baf-9eed-7a4cc889cb7c,1
1759818591964,0adab909-eb8f-4baf-9eed-7a4cc889cb7c,0
1759818591972,0adab909-eb8f-4baf-9eed-7a4cc889cb7c,2
1759818600353,0adab909-eb8f-4baf-9eed-7a4cc889cb7c,1
1759818609825,0adab909-eb8f-4baf-9eed-7a4cc889cb7c,0
1759818609833,0adab909-eb8f-4baf-9eed-7a4cc889cb7c,2
1759819752293,0adab909-eb8f-4baf-9eed-7a4cc889cb7c,1
1759819758889,0adab909-eb8f-4baf-9eed-7a4cc889cb7c,0
1759819758896,0adab909-eb8f-4baf-9eed-7a4cc889cb7c,2
1759819759265,0adab909-eb8f-4baf-9eed-7a4cc889cb7c,1
1759819761853,0adab909-eb8f-4baf-9eed-7a4cc889cb7c,3
1759820298044,0adab909-eb8f-4baf-9eed-7a4cc889cb7c,0
1759820298051,0adab909-eb8f-4baf-9eed-7a4cc889cb7c,2
1759821603067,0adab909-eb8f-4baf-9eed-7a4cc889cb7c,1
1759821605198,0adab909-eb8f-4baf-9eed-7a4cc889cb7c,3
1759821891890,0adab909-eb8f-4baf-9eed-7a4cc889cb7c,0
1759821891901,0adab909-eb8f-4baf-9eed-7a4cc889cb7c,2
1759822199703,0adab909-eb8f-4baf-9eed-7a4cc889cb7c,1
1759822201508,0adab909-eb8f-4baf-9eed-7a4cc889cb7c,3
1759822893972,0adab909-eb8f-4baf-9eed-7a4cc889cb7c,0
1759822893982,0adab909-eb8f-4baf-9eed-7a4cc889cb7c,2
1759822969392,0adab909-eb8f-4baf-9eed-7a4cc889cb7c,1
1759822971125,0adab909-eb8f-4baf-9eed-7a4cc889cb7c,3
1759823260179,0adab909-eb8f-4baf-9eed-7a4cc889cb7c,0
1759823260196,0adab909-eb8f-4baf-9eed-7a4cc889cb7c,2
1759823260320,0adab909-eb8f-4baf-9eed-7a4cc889cb7c,1
1759823261210,0adab909-eb8f-4baf-9eed-7a4cc889cb7c,3
1759823377558,0adab909-eb8f-4baf-9eed-7a4cc889cb7c,0
1759823377593,0adab909-eb8f-4baf-9eed-7a4cc889cb7c,2
1759823638111,0adab909-eb8f-4baf-9eed-7a4cc889cb7c,1
1759823638961,0adab909-eb8f-4baf-9eed-7a4cc889cb7c,3
1759823658489,0adab909-eb8f-4baf-9eed-7a4cc889cb7c,0
1759823658506,0adab909-eb8f-4baf-9eed-7a4cc889cb7c,2
1759823731800,0adab909-eb8f-4baf-9eed-7a4cc889cb7c,1
1759823735042,0adab909-eb8f-4baf-9eed-7a4cc889cb7c,3
1759823840070,0adab909-eb8f-4baf-9eed-7a4cc889cb7c,0
1759823840102,0adab909-eb8f-4baf-9eed-7a4cc889cb7c,2
1759823844645,0adab909-eb8f-4baf-9eed-7a4cc889cb7c,1
1759823851829,0adab909-eb8f-4baf-9eed-7a4cc889cb7c,0
1759823851841,0adab909-eb8f-4baf-9eed-7a4cc889cb7c,2
1759823909097,0adab909-eb8f-4baf-9eed-7a4cc889cb7c,1
1759823911454,0adab909-eb8f-4baf-9eed-7a4cc889cb7c,3
1759823938662,0adab909-eb8f-4baf-9eed-7a4cc889cb7c,0
1759823938698,0adab909-eb8f-4baf-9eed-7a4cc889cb7c,2
1759824554235,0adab909-eb8f-4baf-9eed-7a4cc889cb7c,1
1759824556257,0adab909-eb8f-4baf-9eed-7a4cc889cb7c,3
1759824569002,0adab909-eb8f-4baf-9eed-7a4cc889cb7c,0
1759824569016,0adab909-eb8f-4baf-9eed-7a4cc889cb7c,2
1759824602065,0adab909-eb8f-4baf-9eed-7a4cc889cb7c,1
1759824604732,0adab909-eb8f-4baf-9eed-7a4cc889cb7c,3
1759824897792,0adab909-eb8f-4baf-9eed-7a4cc889cb7c,0
1759824897803,0adab909-eb8f-4baf-9eed-7a4cc889cb7c,2
1759825194455,0adab909-eb8f-4baf-9eed-7a4cc889cb7c,1
1759825195709,0adab909-eb8f-4baf-9eed-7a4cc889cb7c,3
1759825203213,0adab909-eb8f-4baf-9eed-7a4cc889cb7c,0
1759825203219,0adab909-eb8f-4baf-9eed-7a4cc889cb7c,2
1759825222235,0adab909-eb8f-4baf-9eed-7a4cc889cb7c,1
1759825222954,0adab909-eb8f-4baf-9eed-7a4cc889cb7c,3
1759825325961,0adab909-eb8f-4baf-9eed-7a4cc889cb7c,0
1759825325980,0adab909-eb8f-4baf-9eed-7a4cc889cb7c,2
1759825535084,0adab909-eb8f-4baf-9eed-7a4cc889cb7c,1
1759825537443,0adab909-eb8f-4baf-9eed-7a4cc889cb7c,3
1759825568258,0adab909-eb8f-4baf-9eed-7a4cc889cb7c,0
1759825568269,0adab909-eb8f-4baf-9eed-7a4cc889cb7c,2
1759825581838,0adab909-eb8f-4baf-9eed-7a4cc889cb7c,1
1759825582922,0adab909-eb8f-4baf-9eed-7a4cc889cb7c,3
1759825709066,0adab909-eb8f-4baf-9eed-7a4cc889cb7c,0
1759825709075,0adab909-eb8f-4baf-9eed-7a4cc889cb7c,2
1759826811859,0adab909-eb8f-4baf-9eed-7a4cc889cb7c,1
1759826814085,0adab909-eb8f-4baf-9eed-7a4cc889cb7c,3
1759826816125,0adab909-eb8f-4baf-9eed-7a4cc889cb7c,0
1759826816132,0adab909-eb8f-4baf-9eed-7a4cc889cb7c,2
1759826847960,0adab909-eb8f-4baf-9eed-7a4cc889cb7c,1
1759826848697,0adab909-eb8f-4baf-9eed-7a4cc889cb7c,3
1759826866210,0adab909-eb8f-4baf-9eed-7a4cc889cb7c,0
1759826866222,0adab909-eb8f-4baf-9eed-7a4cc889cb7c,2
1759826957460,0adab909-eb8f-4baf-9eed-7a4cc889cb7c,1
1759826958660,0adab909-eb8f-4baf-9eed-7a4cc889cb7c,3
1759827409707,0adab909-eb8f-4baf-9eed-7a4cc889cb7c,0
1759827409729,0adab909-eb8f-4baf-9eed-7a4cc889cb7c,2
1759827425088,0adab909-eb8f-4baf-9eed-7a4cc889cb7c,1
1759827426629,0adab909-eb8f-4baf-9eed-7a4cc889cb7c,3
1759828126403,0adab909-eb8f-4baf-9eed-7a4cc889cb7c,0
1759828126436,0adab909-eb8f-4baf-9eed-7a4cc889cb7c,2
1759828185239,0adab909-eb8f-4baf-9eed-7a4cc889cb7c,1
1759828186599,0adab909-eb8f-4baf-9eed-7a4cc889cb7c,3
1759828197102,0adab909-eb8f-4baf-9eed-7a4cc889cb7c,0
1759828197122,0adab909-eb8f-4baf-9eed-7a4cc889cb7c,2
1759828430049,0adab909-eb8f-4baf-9eed-7a4cc889cb7c,1
1759828431485,0adab909-eb8f-4baf-9eed-7a4cc889cb7c,3
1759828540294,0adab909-eb8f-4baf-9eed-7a4cc889cb7c,0
1759828540315,0adab909-eb8f-4baf-9eed-7a4cc889cb7c,2
1759828618060,0adab909-eb8f-4baf-9eed-7a4cc889cb7c,1
1759828620159,0adab909-eb8f-4baf-9eed-7a4cc889cb7c,3
1759828652549,0adab909-eb8f-4baf-9eed-7a4cc889cb7c,0
1759828652560,0adab909-eb8f-4baf-9eed-7a4cc889cb7c,2
1759828877162,0adab909-eb8f-4baf-9eed-7a4cc889cb7c,1
1759828878349,0adab909-eb8f-4baf-9eed-7a4cc889cb7c,3
1759829368800,0adab909-eb8f-4baf-9eed-7a4cc889cb7c,0
1759829368809,0adab909-eb8f-4baf-9eed-7a4cc889cb7c,2
1759829380248,0adab909-eb8f-4baf-9eed-7a4cc889cb7c,1
1759829382531,0adab909-eb8f-4baf-9eed-7a4cc889cb7c,3
1759829786189,0adab909-eb8f-4baf-9eed-7a4cc889cb7c,0
1759829786200,0adab909-eb8f-4baf-9eed-7a4cc889cb7c,2
1759829994695,0adab909-eb8f-4baf-9eed-7a4cc889cb7c,1
1759829996572,0adab909-eb8f-4baf-9eed-7a4cc889cb7c,0
1759829996583,0adab909-eb8f-4baf-9eed-7a4cc889cb7c,2
1759830109117,0adab909-eb8f-4baf-9eed-7a4cc889cb7c,1
1759830110972,0adab909-eb8f-4baf-9eed-7a4cc889cb7c,0
1759830110982,0adab909-eb8f-4baf-9eed-7a4cc889cb7c,2
1759831024038,0adab909-eb8f-4baf-9eed-7a4cc889cb7c,1
1759831025146,0adab909-eb8f-4baf-9eed-7a4cc889cb7c,3
1759833533133,0adab909-eb8f-4baf-9eed-7a4cc889cb7c,0
1759835224866,0adab909-eb8f-4baf-9eed-7a4cc889cb7c,1
1759835261221,0adab909-eb8f-4baf-9eed-7a4cc889cb7c,3
1759839143898,0adab909-eb8f-4baf-9eed-7a4cc889cb7c,0
1759839143916,0adab909-eb8f-4baf-9eed-7a4cc889cb7c,2
1759839394418,0adab909-eb8f-4baf-9eed-7a4cc889cb7c,1
1759839395330,0adab909-eb8f-4baf-9eed-7a4cc889cb7c,3
1759840729762,0adab909-eb8f-4baf-9eed-7a4cc889cb7c,0
1759840729772,0adab909-eb8f-4baf-9eed-7a4cc889cb7c,2
1759840882932,0adab909-eb8f-4baf-9eed-7a4cc889cb7c,1
1759841548685,0adab909-eb8f-4baf-9eed-7a4cc889cb7c,3
1759842311236,0adab909-eb8f-4baf-9eed-7a4cc889cb7c,0
1759843814032,0adab909-eb8f-4baf-9eed-7a4cc889cb7c,1
1759843818172,0adab909-eb8f-4baf-9eed-7a4cc889cb7c,3
1759844435548,0adab909-eb8f-4baf-9eed-7a4cc889cb7c,0
1759844435566,0adab909-eb8f-4baf-9eed-7a4cc889cb7c,2
1759844682666,0adab909-eb8f-4baf-9eed-7a4cc889cb7c,1
1759844684353,0adab909-eb8f-4baf-9eed-7a4cc889cb7c,0
1759844684378,0adab909-eb8f-4baf-9eed-7a4cc889cb7c,2
1759844932136,0adab909-eb8f-4baf-9eed-7a4cc889cb7c,1
1759844937348,0adab909-eb8f-4baf-9eed-7a4cc889cb7c,3
1759845432870,0adab909-eb8f-4baf-9eed-7a4cc889cb7c,0
1759845432904,0adab909-eb8f-4baf-9eed-7a4cc889cb7c,2
1759845922883,0adab909-eb8f-4baf-9eed-7a4cc889cb7c,1
1759845925798,0adab909-eb8f-4baf-9eed-7a4cc889cb7c,3
1759846608967,0adab909-eb8f-4baf-9eed-7a4cc889cb7c,0
1759847561933,0adab909-eb8f-4baf-9eed-7a4cc889cb7c,1
1759847566381,0adab909-eb8f-4baf-9eed-7a4cc889cb7c,3
1759847999093,0adab909-eb8f-4baf-9eed-7a4cc889cb7c,0
1759847999121,0adab909-eb8f-4baf-9eed-7a4cc889cb7c,2
1759848852183,0adab909-eb8f-4baf-9eed-7a4cc889cb7c,1
1759848856021,0adab909-eb8f-4baf-9eed-7a4cc889cb7c,3
1759848922629,0adab909-eb8f-4baf-9eed-7a4cc889cb7c,0
1759848922643,0adab909-eb8f-4baf-9eed-7a4cc889cb7c,2
1759849578361,0adab909-eb8f-4baf-9eed-7a4cc889cb7c,1
1759849580257,0adab909-eb8f-4baf-9eed-7a4cc889cb7c,0
1759849580268,0adab909-eb8f-4baf-9eed-7a4cc889cb7c,2
1759849599063,0adab909-eb8f-4baf-9eed-7a4cc889cb7c,1
1759849600576,0adab909-eb8f-4baf-9eed-7a4cc889cb7c,0
1759849600586,0adab909-eb8f-4baf-9eed-7a4cc889cb7c,2
1759849783128,0adab909-eb8f-4baf-9eed-7a4cc889cb7c,1
1759849784562,0adab909-eb8f-4baf-9eed-7a4cc889cb7c,0
1759849784582,0adab909-eb8f-4baf-9eed-7a4cc889cb7c,2
1759849784670,0adab909-eb8f-4baf-9eed-7a4cc889cb7c,1
1759849786788,0adab909-eb8f-4baf-9eed-7a4cc889cb7c,3
1759849834298,0adab909-eb8f-4baf-9eed-7a4cc889cb7c,0
1759849834318,0adab909-eb8f-4baf-9eed-7a4cc889cb7c,2
1759850635147,0adab909-eb8f-4baf-9eed-7a4cc889cb7c,1
1759850636495,0adab909-eb8f-4baf-9eed-7a4cc889cb7c,3
1759850931589,0adab909-eb8f-4baf-9eed-7a4cc889cb7c,0
1759850931600,0adab909-eb8f-4baf-9eed-7a4cc889cb7c,2
1759855276882,0adab909-eb8f-4baf-9eed-7a4cc889cb7c,1
1759855280699,0adab909-eb8f-4baf-9eed-7a4cc889cb7c,3
1759855520993,0adab909-eb8f-4baf-9eed-7a4cc889cb7c,0
1759855521011,0adab909-eb8f-4baf-9eed-7a4cc889cb7c,2
1759855895648,0adab909-eb8f-4baf-9eed-7a4cc889cb7c,1
1759855898559,0adab909-eb8f-4baf-9eed-7a4cc889cb7c,3
1759856839482,0adab909-eb8f-4baf-9eed-7a4cc889cb7c,0
1759857144933,0adab909-eb8f-4baf-9eed-7a4cc889cb7c,1
1759857148106,0adab909-eb8f-4baf-9eed-7a4cc889cb7c,3
1759858507545,0adab909-eb8f-4baf-9eed-7a4cc889cb7c,0
1759858507555,0adab909-eb8f-4baf-9eed-7a4cc889cb7c,2
1759859213705,0adab909-eb8f-4baf-9eed-7a4cc889cb7c,1
1759859217232,0adab909-eb8f-4baf-9eed-7a4cc889cb7c,3
1759860363743,0adab909-eb8f-4baf-9eed-7a4cc889cb7c,0
1759861570132,0adab909-eb8f-4baf-9eed-7a4cc889cb7c,1
1759861573124,0adab909-eb8f-4baf-9eed-7a4cc889cb7c,3
1759863206887,0adab909-eb8f-4baf-9eed-7a4cc889cb7c,0
1759863206900,0adab909-eb8f-4baf-9eed-7a4cc889cb7c,2
1759863279436,0adab909-eb8f-4baf-9eed-7a4cc889cb7c,1
1759863281323,0adab909-eb8f-4baf-9eed-7a4cc889cb7c,3
1759866105371,0adab909-eb8f-4baf-9eed-7a4cc889cb7c,0
1759866105381,0adab909-eb8f-4baf-9eed-7a4cc889cb7c,2
1759866120424,0adab909-eb8f-4baf-9eed-7a4cc889cb7c,1
1759866123227,0adab909-eb8f-4baf-9eed-7a4cc889cb7c,3
1759869959942,0adab909-eb8f-4baf-9eed-7a4cc889cb7c,0
1759869959956,0adab909-eb8f-4baf-9eed-7a4cc889cb7c,2
1759897500741,0adab909-eb8f-4baf-9eed-7a4cc889cb7c,1
1759897525820,0adab909-eb8f-4baf-9eed-7a4cc889cb7c,0
1759897525829,0adab909-eb8f-4baf-9eed-7a4cc889cb7c,2
1759902545249,0adab909-eb8f-4baf-9eed-7a4cc889cb7c,1
1759902547098,0adab909-eb8f-4baf-9eed-7a4cc889cb7c,0
1759902547106,0adab909-eb8f-4baf-9eed-7a4cc889cb7c,2
1759905001822,0adab909-eb8f-4baf-9eed-7a4cc889cb7c,1
1759905019695,0adab909-eb8f-4baf-9eed-7a4cc889cb7c,0
1759905019705,0adab909-eb8f-4baf-9eed-7a4cc889cb7c,2
1759913947688,0adab909-eb8f-4baf-9eed-7a4cc889cb7c,1
1759913952484,0adab909-eb8f-4baf-9eed-7a4cc889cb7c,3
1759917405985,0adab909-eb8f-4baf-9eed-7a4cc889cb7c,0
1759917406001,0adab909-eb8f-4baf-9eed-7a4cc889cb7c,2
1759917490789,0adab909-eb8f-4baf-9eed-7a4cc889cb7c,1
1759917492861,0adab909-eb8f-4baf-9eed-7a4cc889cb7c,0
1759917492874,0adab909-eb8f-4baf-9eed-7a4cc889cb7c,2
1759917493334,0adab909-eb8f-4baf-9eed-7a4cc889cb7c,1
1759917495527,0adab909-eb8f-4baf-9eed-7a4cc889cb7c,3
1759917621249,0adab909-eb8f-4baf-9eed-7a4cc889cb7c,0
1759917621263,0adab909-eb8f-4baf-9eed-7a4cc889cb7c,2
1759918816461,0adab909-eb8f-4baf-9eed-7a4cc889cb7c,1
1759918818331,0adab909-eb8f-4baf-9eed-7a4cc889cb7c,0
1759918818357,0adab909-eb8f-4baf-9eed-7a4cc889cb7c,2
1759921579815,0adab909-eb8f-4baf-9eed-7a4cc889cb7c,1
1759921581671,0adab909-eb8f-4baf-9eed-7a4cc889cb7c,0
1759921581687,0adab909-eb8f-4baf-9eed-7a4cc889cb7c,2
1759921656609,0adab909-eb8f-4baf-9eed-7a4cc889cb7c,1
1759921657355,0adab909-eb8f-4baf-9eed-7a4cc889cb7c,3
1759922286106,0adab909-eb8f-4baf-9eed-7a4cc889cb7c,0
1759922286117,0adab909-eb8f-4baf-9eed-7a4cc889cb7c,2
1759922711493,0adab909-eb8f-4baf-9eed-7a4cc889cb7c,1
1759922712928,0adab909-eb8f-4baf-9eed-7a4cc889cb7c,3
1759922782091,0adab909-eb8f-4baf-9eed-7a4cc889cb7c,0
1759922782105,0adab909-eb8f-4baf-9eed-7a4cc889cb7c,2
1759924308274,0adab909-eb8f-4baf-9eed-7a4cc889cb7c,1
1759924310091,0adab909-eb8f-4baf-9eed-7a4cc889cb7c,3
1759924978660,0adab909-eb8f-4baf-9eed-7a4cc889cb7c,0
1759926651502,0adab909-eb8f-4baf-9eed-7a4cc889cb7c,1
1759926654001,0adab909-eb8f-4baf-9eed-7a4cc889cb7c,3
1759928050389,0adab909-eb8f-4baf-9eed-7a4cc889cb7c,0
1759929356097,0adab909-eb8f-4baf-9eed-7a4cc889cb7c,1
1759929393453,0adab909-eb8f-4baf-9eed-7a4cc889cb7c,0
1759929393471,0adab909-eb8f-4baf-9eed-7a4cc889cb7c,2
1759929442058,0adab909-eb8f-4baf-9eed-7a4cc889cb7c,1
1759929444402,0adab909-eb8f-4baf-9eed-7a4cc889cb7c,3
1759930047336,0adab909-eb8f-4baf-9eed-7a4cc889cb7c,0
1759930834386,0adab909-eb8f-4baf-9eed-7a4cc889cb7c,1
1759930836490,0adab909-eb8f-4baf-9eed-7a4cc889cb7c,3
1759932120790,0adab909-eb8f-4baf-9eed-7a4cc889cb7c,0
1759933724721,0adab909-eb8f-4baf-9eed-7a4cc889cb7c,1
1759933727114,0adab909-eb8f-4baf-9eed-7a4cc889cb7c,3
1759933731569,0adab909-eb8f-4baf-9eed-7a4cc889cb7c,0
1759933731585,0adab909-eb8f-4baf-9eed-7a4cc889cb7c,2
1759934140591,0adab909-eb8f-4baf-9eed-7a4cc889cb7c,1
1759934142699,0adab909-eb8f-4baf-9eed-7a4cc889cb7c,3
