"local_segment","local_segment_label","local_segment_start_datetime","local_segment_end_datetime","phone_screen_rapids_countepisodeunlock","phone_screen_rapids_sumdurationunlock","phone_screen_rapids_maxdurationunlock","phone_screen_rapids_mindurationunlock","phone_screen_rapids_avgdurationunlock","phone_screen_rapids_stddurationunlock","phone_screen_rapids_firstuseafter00unlock"
"afternoon#2025-11-10 12:00:00,2025-11-10 17:00:00","afternoon","2025-11-10 12:00:00","2025-11-10 17:00:00",5,26.1002166666667,21.2807166666667,0.21385,5.22004333333333,9.06013631445312,766.466666666667
"afternoon#2025-11-11 12:00:00,2025-11-11 17:00:00","afternoon","2025-11-11 12:00:00","2025-11-11 17:00:00",8,46.5494166666667,28.6522,0.186483333333333,5.81867708333333,9.53627352504734,742.416666666667
"afternoon#2025-11-12 12:00:00,2025-11-12 17:00:00","afternoon","2025-11-12 12:00:00","2025-11-12 17:00:00",9,33.7037333333333,19.5136,0.08825,3.74485925925926,6.22364672178435,772.983333333333
"afternoon#2025-11-13 12:00:00,2025-11-13 17:00:00","afternoon","2025-11-13 12:00:00","2025-11-13 17:00:00",10,48.6614333333333,20.5595666666667,0.0932,4.86614333333333,6.93242623443901,760.85
"afternoon#2025-11-14 12:00:00,2025-11-14 17:00:00","afternoon","2025-11-14 12:00:00","2025-11-14 17:00:00",6,28.1303333333333,19.7432833333333,0.146,4.68838888888889,7.56459657511861,749.533333333333
"afternoon#2025-11-15 12:00:00,2025-11-15 17:00:00","afternoon","2025-11-15 12:00:00","2025-11-15 17:00:00",35,76.8527833333333,9.47765,0.0861166666666667,2.19579380952381,2.52613911785934,720
"afternoon#2025-11-16 12:00:00,2025-11-16 17:00:00","afternoon","2025-11-16 12:00:00","2025-11-16 17:00:00",8,35.8321833333333,14.3786666666667,0.236466666666667,4.47902291666667,5.77617788819101,722.833333333333
"allday#2025-11-10 00:00:00,2025-11-11 00:00:00","allday","2025-11-10 00:00:00","2025-11-11 00:00:00",28,185.870733333333,62.71395,0.0402666666666667,6.63824047619048,12.696104200618,448.766666666667
"allday#2025-11-11 00:00:00,2025-11-12 00:00:00","allday","2025-11-11 00:00:00","2025-11-12 00:00:00",21,161.097666666667,60.3386,0.0587333333333333,7.67131746031746,14.9030176347923,444.783333333333
"allday#2025-11-12 00:00:00,2025-11-13 00:00:00","allday","2025-11-12 00:00:00","2025-11-13 00:00:00",29,225.192116666667,104.706516666667,0.07615,7.76524540229885,19.7811592199993,448.783333333333
"allday#2025-11-13 00:00:00,2025-11-14 00:00:00","allday","2025-11-13 00:00:00","2025-11-14 00:00:00",29,218.05245,67.4474666666666,0.0932,7.51905,13.6637862246922,445.283333333333
"allday#2025-11-14 00:00:00,2025-11-15 00:00:00","allday","2025-11-14 00:00:00","2025-11-15 00:00:00",33,183.208066666667,31.9214333333333,0.09745,5.55175959595959,8.12378022067542,410.583333333333
"allday#2025-11-15 00:00:00,2025-11-16 00:00:00","allday","2025-11-15 00:00:00","2025-11-16 00:00:00",63,328.521766666667,84.5517166666666,0.0861166666666667,5.21463121693122,12.5172198271804,0
"allday#2025-11-16 00:00:00,2025-11-17 00:00:00","allday","2025-11-16 00:00:00","2025-11-17 00:00:00",13,162.646916666667,115.9386,0.236466666666667,12.5113012820513,31.4040838118365,0
"evening#2025-11-10 17:00:00,2025-11-10 22:00:00","evening","2025-11-10 17:00:00","2025-11-10 22:00:00",17,83.0258333333333,24.3385,0.0402666666666667,4.88387254901961,6.48470939935058,1020
"evening#2025-11-11 17:00:00,2025-11-11 22:00:00","evening","2025-11-11 17:00:00","2025-11-11 22:00:00",11,38.5933166666667,14.3568,0.0587333333333333,3.50848333333333,4.54382558331144,1020
"evening#2025-11-12 17:00:00,2025-11-12 22:00:00","evening","2025-11-12 17:00:00","2025-11-12 22:00:00",18,109.263816666667,32.5309166666667,0.07615,6.07021203703704,9.72442717385795,1020.08333333333
"evening#2025-11-13 17:00:00,2025-11-13 22:00:00","evening","2025-11-13 17:00:00","2025-11-13 22:00:00",14,107.8352,35.1210833333333,1.65488333333333,7.70251428571428,11.01047509138,1051.58333333333
"evening#2025-11-14 17:00:00,2025-11-14 22:00:00","evening","2025-11-14 17:00:00","2025-11-14 22:00:00",13,79.2313166666667,26.1396166666667,1.72198333333333,6.09471666666667,6.89472081602146,1020
"evening#2025-11-15 17:00:00,2025-11-15 22:00:00","evening","2025-11-15 17:00:00","2025-11-15 22:00:00",19,56.9869333333333,17.0807666666667,0.359966666666667,2.99931228070175,4.11234284074672,1021.41666666667
"morning#2025-11-10 05:00:00,2025-11-10 12:00:00","morning","2025-11-10 05:00:00","2025-11-10 12:00:00",7,19.0750666666667,10.9535833333333,0.620266666666667,2.72500952380952,3.67023251159289,448.766666666667
"morning#2025-11-11 05:00:00,2025-11-11 12:00:00","morning","2025-11-11 05:00:00","2025-11-11 12:00:00",2,15.6329833333333,15.3777166666667,0.255266666666667,7.81649166666667,10.6931869431545,444.783333333333
"morning#2025-11-12 05:00:00,2025-11-12 12:00:00","morning","2025-11-12 05:00:00","2025-11-12 12:00:00",2,10.0489666666667,9.62283333333333,0.426133333333333,5.02448333333333,6.50304893453832,448.783333333333
"morning#2025-11-13 05:00:00,2025-11-13 12:00:00","morning","2025-11-13 05:00:00","2025-11-13 12:00:00",5,25.2158666666667,11.3429166666667,0.967333333333333,5.04317333333333,4.54284743052502,445.283333333333
"morning#2025-11-14 05:00:00,2025-11-14 12:00:00","morning","2025-11-14 05:00:00","2025-11-14 12:00:00",5,13.9958333333333,8.20635,0.09745,2.79916666666667,3.43976792266652,410.583333333333
"morning#2025-11-15 05:00:00,2025-11-15 12:00:00","morning","2025-11-15 05:00:00","2025-11-15 12:00:00",6,79.1910666666666,50.1205666666666,1.25778333333333,13.1985111111111,18.54410321685,603.066666666667
"morning#2025-11-16 05:00:00,2025-11-16 12:00:00","morning","2025-11-16 05:00:00","2025-11-16 12:00:00",4,125.575316666667,115.9386,2.61176666666667,31.3938291666667,56.3668145803604,523.016666666667
"night#2025-11-10 22:00:00,2025-11-11 05:00:00","night","2025-11-10 22:00:00","2025-11-11 05:00:00",1,57.7029166666666,57.7029166666666,57.7029166666666,57.7029166666666,NA,1320
"night#2025-11-11 22:00:00,2025-11-12 05:00:00","night","2025-11-11 22:00:00","2025-11-12 05:00:00",1,60.3386,60.3386,60.3386,60.3386,NA,1321.03333333333
"night#2025-11-12 22:00:00,2025-11-13 05:00:00","night","2025-11-12 22:00:00","2025-11-13 05:00:00",1,72.19225,72.19225,72.19225,72.19225,NA,1320
"night#2025-11-13 22:00:00,2025-11-14 05:00:00","night","2025-11-13 22:00:00","2025-11-14 05:00:00",1,36.3566,36.3566,36.3566,36.3566,NA,1320
"night#2025-11-14 22:00:00,2025-11-15 05:00:00","night","2025-11-14 22:00:00","2025-11-15 05:00:00",11,84.3247166666666,50.93735,0.520366666666667,7.66588333333333,14.8852794395783,1320
"night#2025-11-15 22:00:00,2025-11-16 05:00:00","night","2025-11-15 22:00:00","2025-11-16 05:00:00",3,94.2729166666666,85.7744833333333,1.73666666666667,31.4243055555555,47.1356476126035,1337.95
"wkdy#2025-11-10 00:00:00,2025-11-15 00:00:00","wkdy","2025-11-10 00:00:00","2025-11-15 00:00:00",140,973.421033333333,104.706516666667,0.0402666666666667,6.95300738095238,13.9878325141013,448.766666666667
"wkend#2025-11-15 00:00:00,2025-11-17 00:00:00","wkend","2025-11-15 00:00:00","2025-11-17 00:00:00",75,491.152033333333,115.9386,0.0861166666666667,6.54869377777778,17.3544838413904,0
