pid,date,f_blue:phone_bluetooth_rapids_countscans:afternoon,f_blue:phone_bluetooth_rapids_countscans:allday,f_blue:phone_bluetooth_rapids_countscans:evening,f_blue:phone_bluetooth_rapids_countscans:morning,f_blue:phone_bluetooth_rapids_countscans:night,f_blue:phone_bluetooth_rapids_countscans:wkdy,f_blue:phone_bluetooth_rapids_countscans:wkend,f_blue:phone_bluetooth_rapids_uniquedevices:afternoon,f_blue:phone_bluetooth_rapids_uniquedevices:allday,f_blue:phone_bluetooth_rapids_uniquedevices:evening,f_blue:phone_bluetooth_rapids_uniquedevices:morning,f_blue:phone_bluetooth_rapids_uniquedevices:night,f_blue:phone_bluetooth_rapids_uniquedevices:wkdy,f_blue:phone_bluetooth_rapids_uniquedevices:wkend,f_blue:phone_bluetooth_rapids_countscansmostuniquedevice:afternoon,f_blue:phone_bluetooth_rapids_countscansmostuniquedevice:allday,f_blue:phone_bluetooth_rapids_countscansmostuniquedevice:evening,f_blue:phone_bluetooth_rapids_countscansmostuniquedevice:morning,f_blue:phone_bluetooth_rapids_countscansmostuniquedevice:night,f_blue:phone_bluetooth_rapids_countscansmostuniquedevice:wkdy,f_blue:phone_bluetooth_rapids_countscansmostuniquedevice:wkend,f_blue:phone_bluetooth_doryab_countscansall:afternoon,f_blue:phone_bluetooth_doryab_countscansall:allday,f_blue:phone_bluetooth_doryab_countscansall:evening,f_blue:phone_bluetooth_doryab_countscansall:morning,f_blue:phone_bluetooth_doryab_countscansall:night,f_blue:phone_bluetooth_doryab_countscansall:wkdy,f_blue:phone_bluetooth_doryab_countscansall:wkend,f_blue:phone_bluetooth_doryab_uniquedevicesall:afternoon,f_blue:phone_bluetooth_doryab_uniquedevicesall:allday,f_blue:phone_bluetooth_doryab_uniquedevicesall:evening,f_blue:phone_bluetooth_doryab_uniquedevicesall:morning,f_blue:phone_bluetooth_doryab_uniquedevicesall:night,f_blue:phone_bluetooth_doryab_uniquedevicesall:wkdy,f_blue:phone_bluetooth_doryab_uniquedevicesall:wkend,f_blue:phone_bluetooth_doryab_meanscansall:afternoon,f_blue:phone_bluetooth_doryab_meanscansall:allday,f_blue:phone_bluetooth_doryab_meanscansall:evening,f_blue:phone_bluetooth_doryab_meanscansall:morning,f_blue:phone_bluetooth_doryab_meanscansall:night,f_blue:phone_bluetooth_doryab_meanscansall:wkdy,f_blue:phone_bluetooth_doryab_meanscansall:wkend,f_blue:phone_bluetooth_doryab_stdscansall:afternoon,f_blue:phone_bluetooth_doryab_stdscansall:allday,f_blue:phone_bluetooth_doryab_stdscansall:evening,f_blue:phone_bluetooth_doryab_stdscansall:morning,f_blue:phone_bluetooth_doryab_stdscansall:night,f_blue:phone_bluetooth_doryab_stdscansall:wkdy,f_blue:phone_bluetooth_doryab_stdscansall:wkend,f_blue:phone_bluetooth_doryab_countscansmostfrequentdevicewithinsegmentsall:afternoon,f_blue:phone_bluetooth_doryab_countscansmostfrequentdevicewithinsegmentsall:allday,f_blue:phone_bluetooth_doryab_countscansmostfrequentdevicewithinsegmentsall:evening,f_blue:phone_bluetooth_doryab_countscansmostfrequentdevicewithinsegmentsall:morning,f_blue:phone_bluetooth_doryab_countscansmostfrequentdevicewithinsegmentsall:night,f_blue:phone_bluetooth_doryab_countscansmostfrequentdevicewithinsegmentsall:wkdy,f_blue:phone_bluetooth_doryab_countscansmostfrequentdevicewithinsegmentsall:wkend,f_blue:phone_bluetooth_doryab_countscansmostfrequentdeviceacrosssegmentsall:afternoon,f_blue:phone_bluetooth_doryab_countscansmostfrequentdeviceacrosssegmentsall:allday,f_blue:phone_bluetooth_doryab_countscansmostfrequentdeviceacrosssegmentsall:evening,f_blue:phone_bluetooth_doryab_countscansmostfrequentdeviceacrosssegmentsall:morning,f_blue:phone_bluetooth_doryab_countscansmostfrequentdeviceacrosssegmentsall:night,f_blue:phone_bluetooth_doryab_countscansmostfrequentdeviceacrosssegmentsall:wkdy,f_blue:phone_bluetooth_doryab_countscansmostfrequentdeviceacrosssegmentsall:wkend,f_blue:phone_bluetooth_doryab_countscansmostfrequentdeviceacrossdatasetall:afternoon,f_blue:phone_bluetooth_doryab_countscansmostfrequentdeviceacrossdatasetall:allday,f_blue:phone_bluetooth_doryab_countscansmostfrequentdeviceacrossdatasetall:evening,f_blue:phone_bluetooth_doryab_countscansmostfrequentdeviceacrossdatasetall:morning,f_blue:phone_bluetooth_doryab_countscansmostfrequentdeviceacrossdatasetall:night,f_blue:phone_bluetooth_doryab_countscansmostfrequentdeviceacrossdatasetall:wkdy,f_blue:phone_bluetooth_doryab_countscansmostfrequentdeviceacrossdatasetall:wkend,f_blue:phone_bluetooth_doryab_countscansleastfrequentdevicewithinsegmentsall:afternoon,f_blue:phone_bluetooth_doryab_countscansleastfrequentdevicewithinsegmentsall:allday,f_blue:phone_bluetooth_doryab_countscansleastfrequentdevicewithinsegmentsall:evening,f_blue:phone_bluetooth_doryab_countscansleastfrequentdevicewithinsegmentsall:morning,f_blue:phone_bluetooth_doryab_countscansleastfrequentdevicewithinsegmentsall:night,f_blue:phone_bluetooth_doryab_countscansleastfrequentdevicewithinsegmentsall:wkdy,f_blue:phone_bluetooth_doryab_countscansleastfrequentdevicewithinsegmentsall:wkend,f_blue:phone_bluetooth_doryab_countscansleastfrequentdeviceacrosssegmentsall:afternoon,f_blue:phone_bluetooth_doryab_countscansleastfrequentdeviceacrosssegmentsall:allday,f_blue:phone_bluetooth_doryab_countscansleastfrequentdeviceacrosssegmentsall:evening,f_blue:phone_bluetooth_doryab_countscansleastfrequentdeviceacrosssegmentsall:morning,f_blue:phone_bluetooth_doryab_countscansleastfrequentdeviceacrosssegmentsall:night,f_blue:phone_bluetooth_doryab_countscansleastfrequentdeviceacrosssegmentsall:wkdy,f_blue:phone_bluetooth_doryab_countscansleastfrequentdeviceacrosssegmentsall:wkend,f_blue:phone_bluetooth_doryab_countscansleastfrequentdeviceacrossdatasetall:afternoon,f_blue:phone_bluetooth_doryab_countscansleastfrequentdeviceacrossdatasetall:allday,f_blue:phone_bluetooth_doryab_countscansleastfrequentdeviceacrossdatasetall:evening,f_blue:phone_bluetooth_doryab_countscansleastfrequentdeviceacrossdatasetall:morning,f_blue:phone_bluetooth_doryab_countscansleastfrequentdeviceacrossdatasetall:night,f_blue:phone_bluetooth_doryab_countscansleastfrequentdeviceacrossdatasetall:wkdy,f_blue:phone_bluetooth_doryab_countscansleastfrequentdeviceacrossdatasetall:wkend,f_blue:phone_bluetooth_doryab_countscansown:afternoon,f_blue:phone_bluetooth_doryab_countscansown:allday,f_blue:phone_bluetooth_doryab_countscansown:evening,f_blue:phone_bluetooth_doryab_countscansown:morning,f_blue:phone_bluetooth_doryab_countscansown:night,f_blue:phone_bluetooth_doryab_countscansown:wkdy,f_blue:phone_bluetooth_doryab_countscansown:wkend,f_blue:phone_bluetooth_doryab_uniquedevicesown:afternoon,f_blue:phone_bluetooth_doryab_uniquedevicesown:allday,f_blue:phone_bluetooth_doryab_uniquedevicesown:evening,f_blue:phone_bluetooth_doryab_uniquedevicesown:morning,f_blue:phone_bluetooth_doryab_uniquedevicesown:night,f_blue:phone_bluetooth_doryab_uniquedevicesown:wkdy,f_blue:phone_bluetooth_doryab_uniquedevicesown:wkend,f_blue:phone_bluetooth_doryab_meanscansown:afternoon,f_blue:phone_bluetooth_doryab_meanscansown:allday,f_blue:phone_bluetooth_doryab_meanscansown:evening,f_blue:phone_bluetooth_doryab_meanscansown:morning,f_blue:phone_bluetooth_doryab_meanscansown:night,f_blue:phone_bluetooth_doryab_meanscansown:wkdy,f_blue:phone_bluetooth_doryab_meanscansown:wkend,f_blue:phone_bluetooth_doryab_stdscansown:afternoon,f_blue:phone_bluetooth_doryab_stdscansown:allday,f_blue:phone_bluetooth_doryab_stdscansown:evening,f_blue:phone_bluetooth_doryab_stdscansown:morning,f_blue:phone_bluetooth_doryab_stdscansown:night,f_blue:phone_bluetooth_doryab_stdscansown:wkdy,f_blue:phone_bluetooth_doryab_stdscansown:wkend,f_blue:phone_bluetooth_doryab_countscansmostfrequentdevicewithinsegmentsown:afternoon,f_blue:phone_bluetooth_doryab_countscansmostfrequentdevicewithinsegmentsown:allday,f_blue:phone_bluetooth_doryab_countscansmostfrequentdevicewithinsegmentsown:evening,f_blue:phone_bluetooth_doryab_countscansmostfrequentdevicewithinsegmentsown:morning,f_blue:phone_bluetooth_doryab_countscansmostfrequentdevicewithinsegmentsown:night,f_blue:phone_bluetooth_doryab_countscansmostfrequentdevicewithinsegmentsown:wkdy,f_blue:phone_bluetooth_doryab_countscansmostfrequentdevicewithinsegmentsown:wkend,f_blue:phone_bluetooth_doryab_countscansmostfrequentdeviceacrosssegmentsown:afternoon,f_blue:phone_bluetooth_doryab_countscansmostfrequentdeviceacrosssegmentsown:allday,f_blue:phone_bluetooth_doryab_countscansmostfrequentdeviceacrosssegmentsown:evening,f_blue:phone_bluetooth_doryab_countscansmostfrequentdeviceacrosssegmentsown:morning,f_blue:phone_bluetooth_doryab_countscansmostfrequentdeviceacrosssegmentsown:night,f_blue:phone_bluetooth_doryab_countscansmostfrequentdeviceacrosssegmentsown:wkdy,f_blue:phone_bluetooth_doryab_countscansmostfrequentdeviceacrosssegmentsown:wkend,f_blue:phone_bluetooth_doryab_countscansmostfrequentdeviceacrossdatasetown:afternoon,f_blue:phone_bluetooth_doryab_countscansmostfrequentdeviceacrossdatasetown:allday,f_blue:phone_bluetooth_doryab_countscansmostfrequentdeviceacrossdatasetown:evening,f_blue:phone_bluetooth_doryab_countscansmostfrequentdeviceacrossdatasetown:morning,f_blue:phone_bluetooth_doryab_countscansmostfrequentdeviceacrossdatasetown:night,f_blue:phone_bluetooth_doryab_countscansmostfrequentdeviceacrossdatasetown:wkdy,f_blue:phone_bluetooth_doryab_countscansmostfrequentdeviceacrossdatasetown:wkend,f_blue:phone_bluetooth_doryab_countscansleastfrequentdevicewithinsegmentsown:afternoon,f_blue:phone_bluetooth_doryab_countscansleastfrequentdevicewithinsegmentsown:allday,f_blue:phone_bluetooth_doryab_countscansleastfrequentdevicewithinsegmentsown:evening,f_blue:phone_bluetooth_doryab_countscansleastfrequentdevicewithinsegmentsown:morning,f_blue:phone_bluetooth_doryab_countscansleastfrequentdevicewithinsegmentsown:night,f_blue:phone_bluetooth_doryab_countscansleastfrequentdevicewithinsegmentsown:wkdy,f_blue:phone_bluetooth_doryab_countscansleastfrequentdevicewithinsegmentsown:wkend,f_blue:phone_bluetooth_doryab_countscansleastfrequentdeviceacrosssegmentsown:afternoon,f_blue:phone_bluetooth_doryab_countscansleastfrequentdeviceacrosssegmentsown:allday,f_blue:phone_bluetooth_doryab_countscansleastfrequentdeviceacrosssegmentsown:evening,f_blue:phone_bluetooth_doryab_countscansleastfrequentdeviceacrosssegmentsown:morning,f_blue:phone_bluetooth_doryab_countscansleastfrequentdeviceacrosssegmentsown:night,f_blue:phone_bluetooth_doryab_countscansleastfrequentdeviceacrosssegmentsown:wkdy,f_blue:phone_bluetooth_doryab_countscansleastfrequentdeviceacrosssegmentsown:wkend,f_blue:phone_bluetooth_doryab_countscansleastfrequentdeviceacrossdatasetown:afternoon,f_blue:phone_bluetooth_doryab_countscansleastfrequentdeviceacrossdatasetown:allday,f_blue:phone_bluetooth_doryab_countscansleastfrequentdeviceacrossdatasetown:evening,f_blue:phone_bluetooth_doryab_countscansleastfrequentdeviceacrossdatasetown:morning,f_blue:phone_bluetooth_doryab_countscansleastfrequentdeviceacrossdatasetown:night,f_blue:phone_bluetooth_doryab_countscansleastfrequentdeviceacrossdatasetown:wkdy,f_blue:phone_bluetooth_doryab_countscansleastfrequentdeviceacrossdatasetown:wkend,f_blue:phone_bluetooth_doryab_countscansothers:afternoon,f_blue:phone_bluetooth_doryab_countscansothers:allday,f_blue:phone_bluetooth_doryab_countscansothers:evening,f_blue:phone_bluetooth_doryab_countscansothers:morning,f_blue:phone_bluetooth_doryab_countscansothers:night,f_blue:phone_bluetooth_doryab_countscansothers:wkdy,f_blue:phone_bluetooth_doryab_countscansothers:wkend,f_blue:phone_bluetooth_doryab_uniquedevicesothers:afternoon,f_blue:phone_bluetooth_doryab_uniquedevicesothers:allday,f_blue:phone_bluetooth_doryab_uniquedevicesothers:evening,f_blue:phone_bluetooth_doryab_uniquedevicesothers:morning,f_blue:phone_bluetooth_doryab_uniquedevicesothers:night,f_blue:phone_bluetooth_doryab_uniquedevicesothers:wkdy,f_blue:phone_bluetooth_doryab_uniquedevicesothers:wkend,f_blue:phone_bluetooth_doryab_meanscansothers:afternoon,f_blue:phone_bluetooth_doryab_meanscansothers:allday,f_blue:phone_bluetooth_doryab_meanscansothers:evening,f_blue:phone_bluetooth_doryab_meanscansothers:morning,f_blue:phone_bluetooth_doryab_meanscansothers:night,f_blue:phone_bluetooth_doryab_meanscansothers:wkdy,f_blue:phone_bluetooth_doryab_meanscansothers:wkend,f_blue:phone_bluetooth_doryab_stdscansothers:afternoon,f_blue:phone_bluetooth_doryab_stdscansothers:allday,f_blue:phone_bluetooth_doryab_stdscansothers:evening,f_blue:phone_bluetooth_doryab_stdscansothers:morning,f_blue:phone_bluetooth_doryab_stdscansothers:night,f_blue:phone_bluetooth_doryab_stdscansothers:wkdy,f_blue:phone_bluetooth_doryab_stdscansothers:wkend,f_blue:phone_bluetooth_doryab_countscansmostfrequentdevicewithinsegmentsothers:afternoon,f_blue:phone_bluetooth_doryab_countscansmostfrequentdevicewithinsegmentsothers:allday,f_blue:phone_bluetooth_doryab_countscansmostfrequentdevicewithinsegmentsothers:evening,f_blue:phone_bluetooth_doryab_countscansmostfrequentdevicewithinsegmentsothers:morning,f_blue:phone_bluetooth_doryab_countscansmostfrequentdevicewithinsegmentsothers:night,f_blue:phone_bluetooth_doryab_countscansmostfrequentdevicewithinsegmentsothers:wkdy,f_blue:phone_bluetooth_doryab_countscansmostfrequentdevicewithinsegmentsothers:wkend,f_blue:phone_bluetooth_doryab_countscansmostfrequentdeviceacrosssegmentsothers:afternoon,f_blue:phone_bluetooth_doryab_countscansmostfrequentdeviceacrosssegmentsothers:allday,f_blue:phone_bluetooth_doryab_countscansmostfrequentdeviceacrosssegmentsothers:evening,f_blue:phone_bluetooth_doryab_countscansmostfrequentdeviceacrosssegmentsothers:morning,f_blue:phone_bluetooth_doryab_countscansmostfrequentdeviceacrosssegmentsothers:night,f_blue:phone_bluetooth_doryab_countscansmostfrequentdeviceacrosssegmentsothers:wkdy,f_blue:phone_bluetooth_doryab_countscansmostfrequentdeviceacrosssegmentsothers:wkend,f_blue:phone_bluetooth_doryab_countscansmostfrequentdeviceacrossdatasetothers:afternoon,f_blue:phone_bluetooth_doryab_countscansmostfrequentdeviceacrossdatasetothers:allday,f_blue:phone_bluetooth_doryab_countscansmostfrequentdeviceacrossdatasetothers:evening,f_blue:phone_bluetooth_doryab_countscansmostfrequentdeviceacrossdatasetothers:morning,f_blue:phone_bluetooth_doryab_countscansmostfrequentdeviceacrossdatasetothers:night,f_blue:phone_bluetooth_doryab_countscansmostfrequentdeviceacrossdatasetothers:wkdy,f_blue:phone_bluetooth_doryab_countscansmostfrequentdeviceacrossdatasetothers:wkend,f_blue:phone_bluetooth_doryab_countscansleastfrequentdevicewithinsegmentsothers:afternoon,f_blue:phone_bluetooth_doryab_countscansleastfrequentdevicewithinsegmentsothers:allday,f_blue:phone_bluetooth_doryab_countscansleastfrequentdevicewithinsegmentsothers:evening,f_blue:phone_bluetooth_doryab_countscansleastfrequentdevicewithinsegmentsothers:morning,f_blue:phone_bluetooth_doryab_countscansleastfrequentdevicewithinsegmentsothers:night,f_blue:phone_bluetooth_doryab_countscansleastfrequentdevicewithinsegmentsothers:wkdy,f_blue:phone_bluetooth_doryab_countscansleastfrequentdevicewithinsegmentsothers:wkend,f_blue:phone_bluetooth_doryab_countscansleastfrequentdeviceacrosssegmentsothers:afternoon,f_blue:phone_bluetooth_doryab_countscansleastfrequentdeviceacrosssegmentsothers:allday,f_blue:phone_bluetooth_doryab_countscansleastfrequentdeviceacrosssegmentsothers:evening,f_blue:phone_bluetooth_doryab_countscansleastfrequentdeviceacrosssegmentsothers:morning,f_blue:phone_bluetooth_doryab_countscansleastfrequentdeviceacrosssegmentsothers:night,f_blue:phone_bluetooth_doryab_countscansleastfrequentdeviceacrosssegmentsothers:wkdy,f_blue:phone_bluetooth_doryab_countscansleastfrequentdeviceacrosssegmentsothers:wkend,f_blue:phone_bluetooth_doryab_countscansleastfrequentdeviceacrossdatasetothers:afternoon,f_blue:phone_bluetooth_doryab_countscansleastfrequentdeviceacrossdatasetothers:allday,f_blue:phone_bluetooth_doryab_countscansleastfrequentdeviceacrossdatasetothers:evening,f_blue:phone_bluetooth_doryab_countscansleastfrequentdeviceacrossdatasetothers:morning,f_blue:phone_bluetooth_doryab_countscansleastfrequentdeviceacrossdatasetothers:night,f_blue:phone_bluetooth_doryab_countscansleastfrequentdeviceacrossdatasetothers:wkdy,f_blue:phone_bluetooth_doryab_countscansleastfrequentdeviceacrossdatasetothers:wkend,f_blue:phone_bluetooth_rapids_countscans:7dhist,f_blue:phone_bluetooth_rapids_countscans:14dhist,f_blue:phone_bluetooth_rapids_uniquedevices:7dhist,f_blue:phone_bluetooth_rapids_uniquedevices:14dhist,f_blue:phone_bluetooth_rapids_countscansmostuniquedevice:7dhist,f_blue:phone_bluetooth_rapids_countscansmostuniquedevice:14dhist,f_blue:phone_bluetooth_doryab_countscansall:7dhist,f_blue:phone_bluetooth_doryab_countscansall:14dhist,f_blue:phone_bluetooth_doryab_uniquedevicesall:7dhist,f_blue:phone_bluetooth_doryab_uniquedevicesall:14dhist,f_blue:phone_bluetooth_doryab_meanscansall:7dhist,f_blue:phone_bluetooth_doryab_meanscansall:14dhist,f_blue:phone_bluetooth_doryab_stdscansall:7dhist,f_blue:phone_bluetooth_doryab_stdscansall:14dhist,f_blue:phone_bluetooth_doryab_countscansmostfrequentdevicewithinsegmentsall:7dhist,f_blue:phone_bluetooth_doryab_countscansmostfrequentdevicewithinsegmentsall:14dhist,f_blue:phone_bluetooth_doryab_countscansmostfrequentdeviceacrosssegmentsall:7dhist,f_blue:phone_bluetooth_doryab_countscansmostfrequentdeviceacrosssegmentsall:14dhist,f_blue:phone_bluetooth_doryab_countscansmostfrequentdeviceacrossdatasetall:7dhist,f_blue:phone_bluetooth_doryab_countscansmostfrequentdeviceacrossdatasetall:14dhist,f_blue:phone_bluetooth_doryab_countscansleastfrequentdevicewithinsegmentsall:7dhist,f_blue:phone_bluetooth_doryab_countscansleastfrequentdevicewithinsegmentsall:14dhist,f_blue:phone_bluetooth_doryab_countscansleastfrequentdeviceacrosssegmentsall:7dhist,f_blue:phone_bluetooth_doryab_countscansleastfrequentdeviceacrosssegmentsall:14dhist,f_blue:phone_bluetooth_doryab_countscansleastfrequentdeviceacrossdatasetall:7dhist,f_blue:phone_bluetooth_doryab_countscansleastfrequentdeviceacrossdatasetall:14dhist,f_blue:phone_bluetooth_doryab_countscansown:7dhist,f_blue:phone_bluetooth_doryab_countscansown:14dhist,f_blue:phone_bluetooth_doryab_uniquedevicesown:7dhist,f_blue:phone_bluetooth_doryab_uniquedevicesown:14dhist,f_blue:phone_bluetooth_doryab_meanscansown:7dhist,f_blue:phone_bluetooth_doryab_meanscansown:14dhist,f_blue:phone_bluetooth_doryab_stdscansown:7dhist,f_blue:phone_bluetooth_doryab_stdscansown:14dhist,f_blue:phone_bluetooth_doryab_countscansmostfrequentdevicewithinsegmentsown:7dhist,f_blue:phone_bluetooth_doryab_countscansmostfrequentdevicewithinsegmentsown:14dhist,f_blue:phone_bluetooth_doryab_countscansmostfrequentdeviceacrosssegmentsown:7dhist,f_blue:phone_bluetooth_doryab_countscansmostfrequentdeviceacrosssegmentsown:14dhist,f_blue:phone_bluetooth_doryab_countscansmostfrequentdeviceacrossdatasetown:7dhist,f_blue:phone_bluetooth_doryab_countscansmostfrequentdeviceacrossdatasetown:14dhist,f_blue:phone_bluetooth_doryab_countscansleastfrequentdevicewithinsegmentsown:7dhist,f_blue:phone_bluetooth_doryab_countscansleastfrequentdevicewithinsegmentsown:14dhist,f_blue:phone_bluetooth_doryab_countscansleastfrequentdeviceacrosssegmentsown:7dhist,f_blue:phone_bluetooth_doryab_countscansleastfrequentdeviceacrosssegmentsown:14dhist,f_blue:phone_bluetooth_doryab_countscansleastfrequentdeviceacrossdatasetown:7dhist,f_blue:phone_bluetooth_doryab_countscansleastfrequentdeviceacrossdatasetown:14dhist,f_blue:phone_bluetooth_doryab_countscansothers:7dhist,f_blue:phone_bluetooth_doryab_countscansothers:14dhist,f_blue:phone_bluetooth_doryab_uniquedevicesothers:7dhist,f_blue:phone_bluetooth_doryab_uniquedevicesothers:14dhist,f_blue:phone_bluetooth_doryab_meanscansothers:7dhist,f_blue:phone_bluetooth_doryab_meanscansothers:14dhist,f_blue:phone_bluetooth_doryab_stdscansothers:7dhist,f_blue:phone_bluetooth_doryab_stdscansothers:14dhist,f_blue:phone_bluetooth_doryab_countscansmostfrequentdevicewithinsegmentsothers:7dhist,f_blue:phone_bluetooth_doryab_countscansmostfrequentdevicewithinsegmentsothers:14dhist,f_blue:phone_bluetooth_doryab_countscansmostfrequentdeviceacrosssegmentsothers:7dhist,f_blue:phone_bluetooth_doryab_countscansmostfrequentdeviceacrosssegmentsothers:14dhist,f_blue:phone_bluetooth_doryab_countscansmostfrequentdeviceacrossdatasetothers:7dhist,f_blue:phone_bluetooth_doryab_countscansmostfrequentdeviceacrossdatasetothers:14dhist,f_blue:phone_bluetooth_doryab_countscansleastfrequentdevicewithinsegmentsothers:7dhist,f_blue:phone_bluetooth_doryab_countscansleastfrequentdevicewithinsegmentsothers:14dhist,f_blue:phone_bluetooth_doryab_countscansleastfrequentdeviceacrosssegmentsothers:7dhist,f_blue:phone_bluetooth_doryab_countscansleastfrequentdeviceacrosssegmentsothers:14dhist,f_blue:phone_bluetooth_doryab_countscansleastfrequentdeviceacrossdatasetothers:7dhist,f_blue:phone_bluetooth_doryab_countscansleastfrequentdeviceacrossdatasetothers:14dhist
P001,2025-10-13,146.0,341.0,74.0,60.0,75.0,3355.0,,37.0,146.0,45.0,47.0,27.0,1921.0,,99.0,144.0,21.0,0.0,24.0,601.0,,146.0,341.0,74.0,60.0,75.0,3355.0,,37.0,146.0,45.0,47.0,27.0,1921.0,,3.94594594594595,2.33561643835616,1.64444444444444,1.27659574468085,2.77777777777778,1.74648620510151,,16.0743860189398,11.821825168181,2.98599424248635,0.497914243514425,4.36183917925008,13.8974581530424,,99.0,144.0,21.0,3.0,24.0,601.0,,99.0,144.0,21.0,0.0,24.0,601.0,,99.0,144.0,21.0,0.0,24.0,601.0,,1.0,1.0,1.0,1.0,1.0,1.0,,0.0,0.0,0.0,0.0,0.0,1.0,,0.0,0.0,0.0,0.0,0.0,1.0,,99.0,144.0,21.0,0.0,24.0,601.0,,1.0,1.0,1.0,0.0,1.0,1.0,,99.0,144.0,21.0,0.0,24.0,601.0,,,,,,,,,99.0,144.0,21.0,0.0,24.0,601.0,,99.0,144.0,21.0,0.0,24.0,601.0,,99.0,144.0,21.0,0.0,24.0,601.0,,99.0,144.0,21.0,0.0,24.0,601.0,,99.0,144.0,21.0,0.0,24.0,601.0,,0.0,0.0,0.0,0.0,0.0,0.0,,47.0,197.0,53.0,60.0,51.0,2754.0,,36.0,145.0,44.0,47.0,26.0,1920.0,,1.30555555555556,1.35862068965517,1.20454545454545,1.27659574468085,1.96153846153846,1.434375,,0.668449995755402,0.631091009339355,0.46152152080364,0.497914243514425,1.03849002809923,2.45180020748546,,4.0,4.0,3.0,3.0,5.0,98.0,,0.0,0.0,0.0,0.0,0.0,98.0,,0.0,0.0,0.0,0.0,0.0,0.0,,1.0,1.0,1.0,1.0,1.0,1.0,,0.0,0.0,0.0,0.0,0.0,1.0,,0.0,0.0,0.0,0.0,0.0,1.0,,341.0,341.0,146.0,146.0,144.0,144.0,341.0,341.0,146.0,146.0,2.33561643835616,2.33561643835616,11.821825168181,11.821825168181,144.0,144.0,144.0,144.0,144.0,144.0,1.0,1.0,0.0,0.0,0.0,0.0,144.0,144.0,1.0,1.0,144.0,144.0,,,144.0,144.0,144.0,144.0,144.0,144.0,144.0,144.0,144.0,144.0,0.0,0.0,197.0,197.0,145.0,145.0,1.35862068965517,1.35862068965517,0.631091009339355,0.631091009339355,4.0,4.0,0.0,0.0,0.0,0.0,1.0,1.0,0.0,0.0,0.0,0.0
P001,2025-10-14,881.0,1311.0,137.0,196.0,130.0,,,649.0,859.0,55.0,122.0,65.0,,,21.0,99.0,40.0,17.0,21.0,,,881.0,1311.0,137.0,196.0,130.0,,,649.0,859.0,55.0,122.0,65.0,,,1.35747303543914,1.52619324796275,2.49090909090909,1.60655737704918,2.0,,,1.020670815316,3.48793469054427,5.70208775044761,1.84774768880225,2.57997093006879,,,21.0,99.0,40.0,17.0,21.0,,,21.0,99.0,40.0,17.0,21.0,,,21.0,99.0,40.0,17.0,21.0,,,1.0,1.0,1.0,1.0,1.0,,,1.0,1.0,0.0,0.0,0.0,,,0.0,1.0,1.0,0.0,0.0,,,21.0,99.0,40.0,17.0,21.0,,,1.0,1.0,1.0,1.0,1.0,,,21.0,99.0,40.0,17.0,21.0,,,,,,,,,,21.0,99.0,40.0,17.0,21.0,,,21.0,99.0,40.0,17.0,21.0,,,21.0,99.0,40.0,17.0,21.0,,,21.0,99.0,40.0,17.0,21.0,,,21.0,99.0,40.0,17.0,21.0,,,0.0,0.0,0.0,0.0,0.0,,,860.0,1212.0,97.0,179.0,109.0,,,648.0,858.0,54.0,121.0,64.0,,,1.32716049382716,1.41258741258741,1.7962962962963,1.47933884297521,1.703125,,,0.667924853139548,1.03944607361713,2.46775147543555,1.20484558868014,0.970676208417257,,,8.0,19.0,17.0,7.0,4.0,,,0.0,19.0,17.0,0.0,0.0,,,0.0,0.0,0.0,0.0,0.0,,,1.0,1.0,1.0,1.0,1.0,,,0.0,0.0,0.0,0.0,0.0,,,0.0,1.0,1.0,0.0,0.0,,,1652.0,1652.0,1005.0,1005.0,243.0,243.0,1652.0,1652.0,1005.0,1005.0,1.930904843159455,1.930904843159455,7.654879929362635,7.654879929362635,243.0,243.0,243.0,243.0,243.0,243.0,2.0,2.0,1.0,1.0,1.0,1.0,243.0,243.0,2.0,2.0,121.5,121.5,,,243.0,243.0,243.0,243.0,243.0,243.0,243.0,243.0,243.0,243.0,0.0,0.0,1409.0,1409.0,1003.0,1003.0,1.38560405112129,1.38560405112129,0.8352685414782426,0.8352685414782426,23.0,23.0,19.0,19.0,0.0,0.0,2.0,2.0,0.0,0.0,1.0,1.0
P001,2025-10-15,236.0,537.0,152.0,24.0,118.0,,,178.0,376.0,104.0,24.0,71.0,,,41.0,79.0,22.0,0.0,16.0,,,236.0,537.0,152.0,24.0,118.0,,,178.0,376.0,104.0,24.0,71.0,,,1.32584269662921,1.4281914893617,1.46153846153846,1.0,1.66197183098592,,,3.00949638559176,4.06614024031399,2.2073270613545,0.0,1.84347235999141,,,41.0,79.0,22.0,1.0,16.0,,,41.0,79.0,22.0,0.0,16.0,,,41.0,79.0,22.0,0.0,16.0,,,1.0,1.0,1.0,1.0,1.0,,,0.0,0.0,0.0,0.0,0.0,,,0.0,0.0,0.0,0.0,0.0,,,41.0,79.0,22.0,0.0,16.0,,,1.0,1.0,1.0,0.0,1.0,,,41.0,79.0,22.0,0.0,16.0,,,,,,,,,,41.0,79.0,22.0,0.0,16.0,,,41.0,79.0,22.0,0.0,16.0,,,41.0,79.0,22.0,0.0,16.0,,,41.0,79.0,22.0,0.0,16.0,,,41.0,79.0,22.0,0.0,16.0,,,0.0,0.0,0.0,0.0,0.0,,,195.0,458.0,130.0,24.0,102.0,,,177.0,375.0,103.0,24.0,70.0,,,1.10169491525424,1.22133333333333,1.2621359223301,1.0,1.45714285714286,,,0.338525307277285,0.667482566684025,0.862749424560392,0.0,0.652436110164659,,,3.0,9.0,9.0,1.0,4.0,,,0.0,0.0,2.0,0.0,0.0,,,0.0,0.0,0.0,0.0,0.0,,,1.0,1.0,1.0,1.0,1.0,,,0.0,1.0,0.0,0.0,0.0,,,0.0,0.0,0.0,0.0,0.0,,,2189.0,2189.0,1381.0,1381.0,322.0,322.0,2189.0,2189.0,1381.0,1381.0,1.76333372522687,1.76333372522687,6.45863336634642,6.45863336634642,322.0,322.0,322.0,322.0,322.0,322.0,3.0,3.0,1.0,1.0,1.0,1.0,322.0,322.0,3.0,3.0,107.33333333333331,107.33333333333331,,,322.0,322.0,322.0,322.0,322.0,322.0,322.0,322.0,322.0,322.0,0.0,0.0,1867.0,1867.0,1378.0,1378.0,1.33084714519197,1.33084714519197,0.7793398832135034,0.7793398832135034,32.0,32.0,19.0,19.0,0.0,0.0,3.0,3.0,1.0,1.0,1.0,1.0
P001,2025-10-16,74.0,536.0,163.0,135.0,229.0,,,45.0,240.0,65.0,68.0,103.0,,,28.0,180.0,53.0,50.0,49.0,,,74.0,536.0,163.0,135.0,229.0,,,45.0,240.0,65.0,68.0,103.0,,,1.64444444444444,2.23333333333333,2.50769230769231,1.98529411764706,2.22330097087379,,,4.02354183386837,11.5911763680628,6.64530632505727,5.92866209532656,4.74637537420316,,,28.0,180.0,53.0,50.0,49.0,,,28.0,180.0,53.0,50.0,49.0,,,28.0,180.0,53.0,50.0,49.0,,,1.0,1.0,1.0,1.0,1.0,,,0.0,0.0,0.0,0.0,1.0,,,0.0,0.0,0.0,0.0,0.0,,,28.0,180.0,53.0,50.0,49.0,,,1.0,1.0,1.0,1.0,1.0,,,28.0,180.0,53.0,50.0,49.0,,,,,,,,,,28.0,180.0,53.0,50.0,49.0,,,28.0,180.0,53.0,50.0,49.0,,,28.0,180.0,53.0,50.0,49.0,,,28.0,180.0,53.0,50.0,49.0,,,28.0,180.0,53.0,50.0,49.0,,,0.0,0.0,0.0,0.0,0.0,,,46.0,356.0,110.0,85.0,180.0,,,44.0,239.0,64.0,67.0,102.0,,,1.04545454545455,1.48953974895397,1.71875,1.26865671641791,1.76470588235294,,,0.210707054941486,1.25979164839388,1.93930727282004,0.479333171668498,0.935297597455825,,,2.0,18.0,16.0,3.0,5.0,,,0.0,18.0,16.0,0.0,0.0,,,0.0,0.0,0.0,0.0,0.0,,,1.0,1.0,1.0,1.0,1.0,,,0.0,1.0,1.0,1.0,1.0,,,0.0,0.0,0.0,0.0,0.0,,,2725.0,2725.0,1621.0,1621.0,502.0,502.0,2725.0,2725.0,1621.0,1621.0,1.880833627253485,1.880833627253485,7.741769116775515,7.741769116775515,502.0,502.0,502.0,502.0,502.0,502.0,4.0,4.0,1.0,1.0,1.0,1.0,502.0,502.0,4.0,4.0,125.5,125.5,,,502.0,502.0,502.0,502.0,502.0,502.0,502.0,502.0,502.0,502.0,0.0,0.0,2223.0,2223.0,1617.0,1617.0,1.37052029613247,1.37052029613247,0.8994528245085975,0.8994528245085975,50.0,50.0,37.0,37.0,0.0,0.0,4.0,4.0,2.0,2.0,1.0,1.0
P001,2025-10-17,87.0,630.0,274.0,91.0,96.0,,,38.0,344.0,180.0,44.0,45.0,,,38.0,99.0,30.0,31.0,0.0,,,87.0,630.0,274.0,91.0,96.0,,,38.0,344.0,180.0,44.0,45.0,,,2.28947368421053,1.83139534883721,1.52222222222222,2.06818181818182,2.13333333333333,,,6.05786464357114,6.05856282216053,3.01477841455867,4.50528231194888,3.74530008507633,,,38.0,99.0,30.0,31.0,26.0,,,38.0,99.0,30.0,31.0,0.0,,,38.0,99.0,30.0,31.0,0.0,,,1.0,1.0,1.0,1.0,1.0,,,0.0,0.0,1.0,1.0,0.0,,,0.0,0.0,0.0,0.0,0.0,,,38.0,99.0,30.0,31.0,0.0,,,1.0,1.0,1.0,1.0,0.0,,,38.0,99.0,30.0,31.0,0.0,,,,,,,,,,38.0,99.0,30.0,31.0,0.0,,,38.0,99.0,30.0,31.0,0.0,,,38.0,99.0,30.0,31.0,0.0,,,38.0,99.0,30.0,31.0,0.0,,,38.0,99.0,30.0,31.0,0.0,,,0.0,0.0,0.0,0.0,0.0,,,49.0,531.0,244.0,60.0,96.0,,,37.0,343.0,179.0,43.0,45.0,,,1.32432432432432,1.54810495626822,1.36312849162011,1.3953488372093,2.13333333333333,,,1.15600014547418,3.02086132145368,2.13504288834734,0.62257280636469,3.74530008507633,,,6.0,55.0,29.0,3.0,26.0,,,0.0,0.0,29.0,0.0,0.0,,,0.0,0.0,0.0,0.0,0.0,,,1.0,1.0,1.0,1.0,1.0,,,0.0,0.0,0.0,0.0,0.0,,,0.0,0.0,0.0,0.0,0.0,,,3355.0,3355.0,1965.0,1965.0,601.0,601.0,3355.0,3355.0,1965.0,1965.0,1.87094597157023,1.87094597157023,7.405127857852518,7.405127857852518,601.0,601.0,601.0,601.0,601.0,601.0,5.0,5.0,1.0,1.0,1.0,1.0,601.0,601.0,5.0,5.0,120.2,120.2,,,601.0,601.0,601.0,601.0,601.0,601.0,601.0,601.0,601.0,601.0,0.0,0.0,2754.0,2754.0,1960.0,1960.0,1.40603722815962,1.40603722815962,1.323734523897614,1.323734523897614,105.0,105.0,37.0,37.0,0.0,0.0,5.0,5.0,2.0,2.0,1.0,1.0
P001,2025-10-18,79.0,381.0,98.0,112.0,121.0,,1022.0,17.0,143.0,38.0,50.0,43.0,,319.0,63.0,122.0,28.0,31.0,0.0,,244.0,79.0,381.0,98.0,112.0,121.0,,1022.0,17.0,143.0,38.0,50.0,43.0,,319.0,4.64705882352941,2.66433566433566,2.57894736842105,2.24,2.81395348837209,,3.20376175548589,15.0372087522526,10.3929445568901,4.46990887474302,4.42423751069271,6.28018734158498,,17.7816734401742,63.0,122.0,28.0,31.0,39.0,,244.0,63.0,122.0,28.0,31.0,0.0,,244.0,63.0,122.0,28.0,31.0,0.0,,244.0,1.0,1.0,1.0,1.0,1.0,,1.0,0.0,0.0,0.0,0.0,0.0,,1.0,0.0,0.0,0.0,0.0,0.0,,0.0,63.0,122.0,28.0,31.0,0.0,,244.0,1.0,1.0,1.0,1.0,0.0,,1.0,63.0,122.0,28.0,31.0,0.0,,244.0,,,,,,,,63.0,122.0,28.0,31.0,0.0,,244.0,63.0,122.0,28.0,31.0,0.0,,244.0,63.0,122.0,28.0,31.0,0.0,,244.0,63.0,122.0,28.0,31.0,0.0,,244.0,63.0,122.0,28.0,31.0,0.0,,244.0,0.0,0.0,0.0,0.0,0.0,,0.0,16.0,259.0,70.0,81.0,121.0,,778.0,16.0,142.0,37.0,49.0,43.0,,318.0,1.0,1.82394366197183,1.89189189189189,1.6530612244898,2.81395348837209,,2.44654088050314,0.0,2.65858517211145,1.44882680093208,1.54853452776277,6.28018734158498,,11.5628294915923,1.0,24.0,5.0,9.0,39.0,,195.0,0.0,24.0,5.0,0.0,39.0,,195.0,0.0,0.0,0.0,0.0,0.0,,0.0,1.0,1.0,1.0,1.0,1.0,,1.0,0.0,0.0,0.0,0.0,0.0,,1.0,0.0,0.0,0.0,0.0,0.0,,0.0,3736.0,3736.0,2108.0,2108.0,723.0,723.0,3736.0,3736.0,2108.0,2108.0,2.0031775870311352,2.0031775870311352,7.903097307692115,7.903097307692115,723.0,723.0,723.0,723.0,723.0,723.0,6.0,6.0,1.0,1.0,1.0,1.0,723.0,723.0,6.0,6.0,120.5,120.5,,,723.0,723.0,723.0,723.0,723.0,723.0,723.0,723.0,723.0,723.0,0.0,0.0,3013.0,3013.0,2102.0,2102.0,1.4756883004616552,1.4756883004616552,1.5462096319332534,1.5462096319332534,129.0,129.0,61.0,61.0,0.0,0.0,6.0,6.0,2.0,2.0,1.0,1.0
P001,2025-10-19,147.0,641.0,155.0,186.0,103.0,,,42.0,183.0,57.0,51.0,29.0,,,46.0,122.0,0.0,47.0,29.0,,,147.0,641.0,155.0,186.0,103.0,,,42.0,183.0,57.0,51.0,29.0,,,3.5,3.50273224043716,2.71929824561404,3.64705882352941,3.55172413793103,,,9.01015687040289,16.7170618629294,7.62691284195295,9.07705575483982,7.24364848330962,,,46.0,190.0,51.0,47.0,30.0,,,46.0,122.0,0.0,47.0,29.0,,,46.0,122.0,0.0,47.0,29.0,,,1.0,1.0,1.0,1.0,1.0,,,0.0,1.0,0.0,0.0,0.0,,,0.0,0.0,0.0,0.0,0.0,,,46.0,122.0,0.0,47.0,29.0,,,1.0,1.0,0.0,1.0,1.0,,,46.0,122.0,0.0,47.0,29.0,,,,,,,,,,46.0,122.0,0.0,47.0,29.0,,,46.0,122.0,0.0,47.0,29.0,,,46.0,122.0,0.0,47.0,29.0,,,46.0,122.0,0.0,47.0,29.0,,,46.0,122.0,0.0,47.0,29.0,,,0.0,0.0,0.0,0.0,0.0,,,101.0,519.0,155.0,139.0,74.0,,,41.0,182.0,57.0,50.0,28.0,,,2.46341463414634,2.85164835164835,2.71929824561404,2.78,2.64285714285714,,,6.07905239727217,14.2478057834747,7.62691284195295,6.70452177600296,5.43796180304979,,,40.0,190.0,51.0,46.0,30.0,,,40.0,190.0,31.0,46.0,30.0,,,0.0,0.0,0.0,0.0,0.0,,,1.0,1.0,1.0,1.0,1.0,,,1.0,0.0,0.0,0.0,0.0,,,0.0,0.0,0.0,0.0,0.0,,,4377.0,4377.0,2291.0,2291.0,845.0,845.0,4377.0,4377.0,2291.0,2291.0,2.217399680374853,2.217399680374853,9.162235101297442,9.162235101297442,913.0,913.0,845.0,845.0,845.0,845.0,7.0,7.0,2.0,2.0,1.0,1.0,845.0,845.0,7.0,7.0,120.71428571428572,120.71428571428572,,,845.0,845.0,845.0,845.0,845.0,845.0,845.0,845.0,845.0,845.0,0.0,0.0,3532.0,3532.0,2284.0,2284.0,1.6722540220597542,1.6722540220597542,3.3607233678677457,3.3607233678677457,319.0,319.0,251.0,251.0,0.0,0.0,7.0,7.0,2.0,2.0,1.0,1.0
P001,2025-10-20,169.0,580.0,197.0,130.0,117.0,3673.0,,39.0,160.0,55.0,45.0,40.0,1324.0,,85.0,166.0,70.0,49.0,54.0,839.0,,169.0,580.0,197.0,130.0,117.0,3673.0,,39.0,160.0,55.0,45.0,40.0,1324.0,,4.33333333333333,3.625,3.58181818181818,2.88888888888889,2.925,2.77416918429003,,14.9337719233839,19.7266700036768,10.4362099497125,8.5764535535124,8.32169700395544,29.7136176739377,,85.0,189.0,70.0,49.0,54.0,839.0,,85.0,166.0,70.0,49.0,54.0,839.0,,44.0,166.0,35.0,49.0,54.0,839.0,,1.0,1.0,1.0,1.0,1.0,1.0,,0.0,0.0,0.0,0.0,0.0,1.0,,0.0,0.0,0.0,0.0,0.0,0.0,,129.0,355.0,105.0,83.0,54.0,1516.0,,2.0,2.0,2.0,2.0,1.0,2.0,,64.5,177.5,52.5,41.5,54.0,758.0,,28.9913780286484,16.2634559672906,24.7487373415292,10.6066017177982,,114.551298552221,,85.0,189.0,70.0,49.0,54.0,839.0,,85.0,166.0,70.0,49.0,54.0,839.0,,44.0,166.0,35.0,49.0,54.0,839.0,,44.0,166.0,35.0,34.0,54.0,677.0,,44.0,189.0,35.0,34.0,0.0,677.0,,0.0,0.0,0.0,0.0,0.0,0.0,,40.0,225.0,92.0,47.0,63.0,2157.0,,37.0,158.0,53.0,43.0,39.0,1322.0,,1.08108108108108,1.42405063291139,1.73584905660377,1.09302325581395,1.61538461538462,1.63161875945537,,0.27672473069203,1.55286586834256,2.41111962020381,0.293902598732179,0.814842077543884,3.075580647265,,2.0,11.0,11.0,2.0,4.0,81.0,,0.0,0.0,0.0,0.0,0.0,81.0,,0.0,0.0,0.0,0.0,0.0,0.0,,1.0,1.0,1.0,1.0,1.0,1.0,,0.0,0.0,0.0,0.0,0.0,1.0,,0.0,0.0,0.0,0.0,0.0,0.0,,580.0,580.0,160.0,160.0,166.0,166.0,580.0,580.0,160.0,160.0,3.625,3.625,19.7266700036768,19.7266700036768,189.0,189.0,166.0,166.0,166.0,166.0,1.0,1.0,0.0,0.0,0.0,0.0,355.0,355.0,2.0,2.0,177.5,177.5,16.2634559672906,16.2634559672906,189.0,189.0,166.0,166.0,166.0,166.0,166.0,166.0,189.0,189.0,0.0,0.0,225.0,225.0,158.0,158.0,1.42405063291139,1.42405063291139,1.55286586834256,1.55286586834256,11.0,11.0,0.0,0.0,0.0,0.0,1.0,1.0,0.0,0.0,0.0,0.0
P001,2025-10-21,284.0,926.0,325.0,142.0,216.0,,,129.0,360.0,115.0,69.0,86.0,,,51.0,180.0,55.0,49.0,48.0,,,284.0,926.0,325.0,142.0,216.0,,,129.0,360.0,115.0,69.0,86.0,,,2.2015503875969,2.57222222222222,2.82608695652174,2.05797101449275,2.51162790697674,,,5.36099898130184,12.256783946376,6.96389292918942,5.98744779658199,5.61037733038783,,,51.0,180.0,55.0,49.0,48.0,,,51.0,180.0,55.0,49.0,48.0,,,36.0,180.0,43.0,49.0,48.0,,,1.0,1.0,1.0,1.0,1.0,,,1.0,0.0,0.0,0.0,0.0,,,0.0,0.0,0.0,0.0,0.0,,,87.0,326.0,98.0,64.0,73.0,,,2.0,2.0,2.0,2.0,2.0,,,43.5,163.0,49.0,32.0,36.5,,,10.6066017177982,24.0416305603426,8.48528137423857,24.0416305603426,16.2634559672906,,,51.0,180.0,55.0,49.0,48.0,,,51.0,180.0,55.0,49.0,48.0,,,36.0,180.0,43.0,49.0,48.0,,,36.0,146.0,43.0,15.0,25.0,,,36.0,146.0,43.0,15.0,25.0,,,0.0,0.0,0.0,0.0,0.0,,,197.0,600.0,227.0,78.0,143.0,,,127.0,358.0,113.0,67.0,84.0,,,1.5511811023622,1.67597765363128,2.00884955752212,1.16417910447761,1.70238095238095,,,0.897161851382767,2.11199946936615,3.15802711701591,0.447112450277472,0.740884556065214,,,5.0,35.0,32.0,3.0,4.0,,,0.0,35.0,32.0,0.0,3.0,,,0.0,0.0,0.0,0.0,0.0,,,1.0,1.0,1.0,1.0,1.0,,,0.0,0.0,0.0,0.0,0.0,,,0.0,0.0,0.0,0.0,0.0,,,1506.0,1506.0,520.0,520.0,346.0,346.0,1506.0,1506.0,520.0,520.0,3.09861111111111,3.09861111111111,15.9917269750264,15.9917269750264,369.0,369.0,346.0,346.0,346.0,346.0,2.0,2.0,0.0,0.0,0.0,0.0,681.0,681.0,4.0,4.0,170.25,170.25,20.1525432638166,20.1525432638166,369.0,369.0,346.0,346.0,346.0,346.0,312.0,312.0,335.0,335.0,0.0,0.0,825.0,825.0,516.0,516.0,1.550014143271335,1.550014143271335,1.8324326688543549,1.8324326688543549,46.0,46.0,35.0,35.0,0.0,0.0,2.0,2.0,0.0,0.0,0.0,0.0
P001,2025-10-22,170.0,768.0,241.0,199.0,106.0,,,72.0,289.0,65.0,99.0,34.0,,,29.0,174.0,91.0,48.0,51.0,,,170.0,768.0,241.0,199.0,106.0,,,72.0,289.0,65.0,99.0,34.0,,,2.36111111111111,2.65743944636678,3.70769230769231,2.01010101010101,3.11764705882353,,,5.89653886437033,12.3955478265706,12.0891520030913,4.73479294958155,8.48086868721828,,,43.0,174.0,91.0,48.0,51.0,,,29.0,174.0,91.0,48.0,51.0,,,43.0,174.0,33.0,48.0,51.0,,,1.0,1.0,1.0,1.0,1.0,,,0.0,0.0,0.0,0.0,0.0,,,0.0,0.0,0.0,0.0,0.0,,,72.0,294.0,124.0,48.0,51.0,,,2.0,2.0,2.0,1.0,1.0,,,36.0,147.0,62.0,48.0,51.0,,,9.89949493661167,38.1837661840736,41.0121933088198,,,,,43.0,174.0,91.0,48.0,51.0,,,29.0,174.0,91.0,48.0,51.0,,,43.0,174.0,33.0,48.0,51.0,,,29.0,120.0,33.0,48.0,51.0,,,43.0,120.0,33.0,0.0,0.0,,,0.0,0.0,0.0,0.0,0.0,,,98.0,474.0,117.0,151.0,55.0,,,70.0,287.0,63.0,98.0,33.0,,,1.4,1.65156794425087,1.85714285714286,1.54081632653061,1.66666666666667,,,0.787584824049108,1.70679103725177,3.26198605076596,0.788687639512873,0.595119035711905,,,4.0,20.0,20.0,5.0,3.0,,,0.0,4.0,2.0,0.0,2.0,,,0.0,0.0,0.0,0.0,0.0,,,1.0,1.0,1.0,1.0,1.0,,,0.0,0.0,0.0,0.0,0.0,,,0.0,0.0,0.0,0.0,0.0,,,2274.0,2274.0,809.0,809.0,520.0,520.0,2274.0,2274.0,809.0,809.0,2.9515538895296665,2.9515538895296665,14.7930005922078,14.7930005922078,543.0,543.0,520.0,520.0,520.0,520.0,3.0,3.0,0.0,0.0,0.0,0.0,975.0,975.0,6.0,6.0,162.5,162.5,26.162950903902267,26.162950903902267,543.0,543.0,520.0,520.0,520.0,520.0,432.0,432.0,455.0,455.0,0.0,0.0,1299.0,1299.0,803.0,803.0,1.583865410264513,1.583865410264513,1.7905521249868268,1.7905521249868268,66.0,66.0,39.0,39.0,0.0,0.0,3.0,3.0,0.0,0.0,0.0,0.0
P001,2025-10-23,108.0,539.0,181.0,127.0,148.0,,,49.0,211.0,63.0,65.0,49.0,,,28.0,152.0,47.0,43.0,47.0,,,108.0,539.0,181.0,127.0,148.0,,,49.0,211.0,63.0,65.0,49.0,,,2.20408163265306,2.55450236966825,2.87301587301587,1.95384615384615,3.02040816326531,,,5.59381947568301,11.5902510804696,7.16283432703271,5.23339866037946,7.12825889189864,,,30.0,152.0,47.0,43.0,47.0,,,28.0,152.0,47.0,43.0,47.0,,,30.0,152.0,34.0,43.0,47.0,,,1.0,1.0,1.0,1.0,1.0,,,0.0,0.0,1.0,0.0,0.0,,,0.0,0.0,0.0,0.0,0.0,,,58.0,227.0,81.0,43.0,69.0,,,2.0,2.0,2.0,1.0,2.0,,,29.0,113.5,40.5,43.0,34.5,,,1.4142135623731,54.4472221513642,9.19238815542512,,17.6776695296637,,,30.0,152.0,47.0,43.0,47.0,,,28.0,152.0,47.0,43.0,47.0,,,30.0,152.0,34.0,43.0,47.0,,,28.0,75.0,34.0,43.0,22.0,,,30.0,75.0,34.0,0.0,22.0,,,0.0,0.0,0.0,0.0,0.0,,,50.0,312.0,100.0,84.0,79.0,,,47.0,209.0,61.0,64.0,47.0,,,1.06382978723404,1.49282296650718,1.63934426229508,1.3125,1.68085106382979,,,0.247092248145165,1.37323179042696,1.69344606139125,0.814062904632322,1.14410365482677,,,2.0,13.0,13.0,6.0,5.0,,,0.0,13.0,13.0,0.0,0.0,,,0.0,0.0,0.0,0.0,0.0,,,1.0,1.0,1.0,1.0,1.0,,,0.0,0.0,0.0,0.0,1.0,,,0.0,0.0,0.0,0.0,0.0,,,2813.0,2813.0,1020.0,1020.0,672.0,672.0,2813.0,2813.0,1020.0,1020.0,2.8522910095643126,2.8522910095643126,13.99231321427325,13.99231321427325,695.0,695.0,672.0,672.0,672.0,672.0,4.0,4.0,0.0,0.0,0.0,0.0,1202.0,1202.0,8.0,8.0,150.25,150.25,33.234018715767746,33.234018715767746,695.0,695.0,672.0,672.0,672.0,672.0,507.0,507.0,530.0,530.0,0.0,0.0,1611.0,1611.0,1012.0,1012.0,1.56110479932518,1.56110479932518,1.68622204134686,1.68622204134686,79.0,79.0,52.0,52.0,0.0,0.0,4.0,4.0,0.0,0.0,0.0,0.0
P001,2025-10-24,286.0,860.0,224.0,175.0,293.0,,,110.0,338.0,93.0,92.0,83.0,,,101.0,167.0,24.0,46.0,62.0,,,286.0,860.0,224.0,175.0,293.0,,,110.0,338.0,93.0,92.0,83.0,,,2.6,2.54437869822485,2.40860215053763,1.90217391304348,3.53012048192771,,,9.93206280485746,12.0849901163118,4.85045170272111,4.72789194622045,7.42168436177361,,,101.0,167.0,32.0,46.0,62.0,,,101.0,167.0,24.0,46.0,62.0,,,32.0,167.0,32.0,46.0,62.0,,,1.0,1.0,1.0,1.0,1.0,,,0.0,0.0,0.0,1.0,0.0,,,0.0,0.0,0.0,0.0,0.0,,,133.0,314.0,56.0,46.0,62.0,,,2.0,2.0,2.0,1.0,1.0,,,66.5,157.0,28.0,46.0,62.0,,,48.7903679018718,14.142135623731,5.65685424949238,,,,,101.0,167.0,32.0,46.0,62.0,,,101.0,167.0,24.0,46.0,62.0,,,32.0,167.0,32.0,46.0,62.0,,,32.0,147.0,24.0,46.0,62.0,,,32.0,147.0,32.0,0.0,0.0,,,0.0,0.0,0.0,0.0,0.0,,,153.0,546.0,168.0,129.0,231.0,,,108.0,336.0,91.0,91.0,82.0,,,1.41666666666667,1.625,1.84615384615385,1.41758241758242,2.81707317073171,,,0.712045887421867,1.74557008606734,2.96993481755287,0.870069397818793,3.61112153427722,,,4.0,29.0,29.0,5.0,24.0,,,4.0,29.0,29.0,0.0,0.0,,,0.0,0.0,0.0,0.0,0.0,,,1.0,1.0,1.0,1.0,1.0,,,0.0,0.0,0.0,1.0,0.0,,,0.0,0.0,0.0,0.0,0.0,,,3673.0,3673.0,1358.0,1358.0,839.0,839.0,3673.0,3673.0,1358.0,1358.0,2.79070854729642,2.79070854729642,13.61084859468096,13.61084859468096,862.0,862.0,839.0,839.0,839.0,839.0,5.0,5.0,0.0,0.0,0.0,0.0,1516.0,1516.0,10.0,10.0,151.6,151.6,29.4156420973604,29.4156420973604,862.0,862.0,839.0,839.0,839.0,839.0,654.0,654.0,677.0,677.0,0.0,0.0,2157.0,2157.0,1348.0,1348.0,1.573883839460144,1.573883839460144,1.6980916502909562,1.6980916502909562,108.0,108.0,81.0,81.0,0.0,0.0,5.0,5.0,0.0,0.0,0.0,0.0
P001,2025-10-25,229.0,1379.0,522.0,308.0,417.0,,2760.0,86.0,537.0,249.0,122.0,112.0,,974.0,73.0,167.0,78.0,46.0,65.0,,360.0,229.0,1379.0,522.0,308.0,417.0,,2760.0,86.0,537.0,249.0,122.0,112.0,,974.0,2.66279069767442,2.56797020484171,2.09638554216867,2.52459016393443,3.72321428571429,,2.83367556468172,8.37589042166128,11.7866425383766,6.03139860571994,6.18611229835317,9.77605994937879,,16.7320659291809,73.0,204.0,78.0,53.0,66.0,,360.0,73.0,167.0,78.0,46.0,65.0,,360.0,32.0,167.0,29.0,46.0,65.0,,360.0,1.0,1.0,1.0,1.0,1.0,,1.0,0.0,1.0,0.0,0.0,0.0,,1.0,0.0,0.0,0.0,0.0,0.0,,1.0,105.0,371.0,107.0,99.0,65.0,,688.0,2.0,2.0,2.0,2.0,1.0,,2.0,52.5,185.5,53.5,49.5,65.0,,344.0,28.9913780286484,26.1629509039023,34.6482322781408,4.94974746830583,,,22.6274169979695,73.0,204.0,78.0,53.0,65.0,,360.0,73.0,167.0,78.0,46.0,65.0,,360.0,32.0,167.0,29.0,46.0,65.0,,360.0,32.0,167.0,29.0,46.0,65.0,,328.0,32.0,204.0,29.0,53.0,0.0,,328.0,0.0,0.0,0.0,0.0,0.0,,0.0,124.0,1008.0,415.0,209.0,352.0,,2072.0,84.0,535.0,247.0,120.0,111.0,,972.0,1.47619047619048,1.88411214953271,1.68016194331984,1.74166666666667,3.17117117117117,,2.13168724279835,0.667240143475219,3.51583229001595,3.18388523300068,0.999964985381386,7.87386225417405,,6.30687461324142,3.0,53.0,31.0,6.0,66.0,,142.0,3.0,53.0,31.0,3.0,66.0,,142.0,0.0,0.0,0.0,0.0,0.0,,0.0,1.0,1.0,1.0,1.0,1.0,,1.0,1.0,1.0,1.0,0.0,0.0,,1.0,0.0,0.0,0.0,0.0,0.0,,1.0,5052.0,5052.0,1895.0,1895.0,1006.0,1006.0,5052.0,5052.0,1895.0,1895.0,2.753585490220635,2.753585490220635,13.306814251963567,13.306814251963567,1066.0,1066.0,1006.0,1006.0,1006.0,1006.0,6.0,6.0,1.0,1.0,0.0,0.0,1887.0,1887.0,12.0,12.0,157.25,157.25,28.87352689845072,28.87352689845072,1066.0,1066.0,1006.0,1006.0,1006.0,1006.0,821.0,821.0,881.0,881.0,0.0,0.0,3165.0,3165.0,1883.0,1883.0,1.6255885578055718,1.6255885578055718,2.001048423578455,2.001048423578455,161.0,161.0,134.0,134.0,0.0,0.0,6.0,6.0,1.0,1.0,0.0,0.0
P001,2025-10-26,278.0,1381.0,355.0,344.0,133.0,,,102.0,447.0,129.0,114.0,53.0,,,51.0,193.0,37.0,50.0,25.0,,,278.0,1381.0,355.0,344.0,133.0,,,102.0,447.0,129.0,114.0,53.0,,,2.72549019607843,3.08948545861298,2.75193798449612,3.01754385964912,2.50943396226415,,,5.97545617421816,12.1099614872816,5.44866813965799,6.24709837938992,3.43971511292071,,,51.0,193.0,46.0,50.0,25.0,,,51.0,193.0,37.0,50.0,25.0,,,36.0,193.0,46.0,50.0,25.0,,,1.0,1.0,1.0,1.0,1.0,,,0.0,1.0,0.0,0.0,1.0,,,0.0,1.0,1.0,0.0,0.0,,,87.0,317.0,83.0,86.0,25.0,,,2.0,2.0,2.0,2.0,1.0,,,43.5,158.5,41.5,43.0,25.0,,,10.6066017177982,48.7903679018718,6.36396103067893,9.89949493661167,,,,51.0,193.0,46.0,50.0,25.0,,,51.0,193.0,37.0,50.0,25.0,,,36.0,193.0,46.0,50.0,25.0,,,36.0,124.0,37.0,36.0,25.0,,,36.0,124.0,46.0,36.0,0.0,,,0.0,0.0,0.0,0.0,0.0,,,191.0,1064.0,272.0,258.0,108.0,,,100.0,445.0,127.0,112.0,52.0,,,1.91,2.39101123595506,2.14173228346457,2.30357142857143,2.07692307692308,,,1.01598337694188,5.715468982228,2.37287719482642,3.08684884285509,1.39812414728511,,,5.0,89.0,25.0,20.0,6.0,,,0.0,89.0,25.0,20.0,0.0,,,0.0,0.0,0.0,0.0,0.0,,,1.0,1.0,1.0,1.0,1.0,,,0.0,1.0,0.0,0.0,0.0,,,0.0,1.0,1.0,0.0,0.0,,,6433.0,6433.0,2342.0,2342.0,1199.0,1199.0,6433.0,6433.0,2342.0,2342.0,2.80157119999097,2.80157119999097,13.135835285580429,13.135835285580429,1259.0,1259.0,1199.0,1199.0,1199.0,1199.0,7.0,7.0,2.0,2.0,1.0,1.0,2204.0,2204.0,14.0,14.0,157.42857142857142,157.42857142857142,31.71878989893944,31.71878989893944,1259.0,1259.0,1199.0,1199.0,1199.0,1199.0,945.0,945.0,1005.0,1005.0,0.0,0.0,4229.0,4229.0,2328.0,2328.0,1.7349346546840698,1.7349346546840698,2.5316799319569614,2.5316799319569614,250.0,250.0,223.0,223.0,0.0,0.0,7.0,7.0,2.0,2.0,1.0,1.0
P001,2025-10-27,258.0,863.0,125.0,320.0,184.0,4561.0,,145.0,397.0,64.0,138.0,70.0,1768.0,,44.0,143.0,21.0,11.0,0.0,747.0,,258.0,863.0,125.0,320.0,184.0,4561.0,,145.0,397.0,64.0,138.0,70.0,1768.0,,1.77931034482759,2.17380352644836,1.953125,2.31884057971015,2.62857142857143,2.57975113122172,,3.62374301102626,7.356884969622,2.63330131083604,6.61450022635668,2.29158149662926,23.1747959796552,,44.0,143.0,21.0,78.0,18.0,747.0,,44.0,143.0,21.0,11.0,0.0,747.0,,44.0,143.0,21.0,78.0,18.0,747.0,,1.0,1.0,1.0,1.0,1.0,1.0,,0.0,0.0,0.0,0.0,0.0,1.0,,0.0,1.0,0.0,0.0,1.0,1.0,,44.0,178.0,21.0,89.0,18.0,1368.0,,1.0,2.0,1.0,2.0,1.0,2.0,,44.0,89.0,21.0,44.5,18.0,684.0,,,76.3675323681471,,47.3761543394987,,89.095454429505,,44.0,143.0,21.0,78.0,18.0,747.0,,44.0,143.0,21.0,11.0,0.0,747.0,,44.0,143.0,21.0,78.0,18.0,747.0,,44.0,35.0,21.0,11.0,18.0,621.0,,0.0,35.0,0.0,78.0,18.0,621.0,,0.0,0.0,0.0,0.0,0.0,0.0,,214.0,685.0,104.0,231.0,166.0,3193.0,,144.0,395.0,63.0,136.0,69.0,1766.0,,1.48611111111111,1.73417721518987,1.65079365079365,1.69852941176471,2.40579710144928,1.80804077010193,,0.819227942110388,1.06524300460993,1.04971163718869,1.01339073624823,1.342942780303,2.53563004569839,,4.0,7.0,5.0,4.0,7.0,44.0,,0.0,0.0,0.0,4.0,0.0,44.0,,0.0,0.0,0.0,0.0,0.0,0.0,,1.0,1.0,1.0,1.0,1.0,1.0,,0.0,0.0,0.0,0.0,0.0,1.0,,0.0,1.0,0.0,0.0,1.0,1.0,,863.0,863.0,397.0,397.0,143.0,143.0,863.0,863.0,397.0,397.0,2.17380352644836,2.17380352644836,7.356884969622,7.356884969622,143.0,143.0,143.0,143.0,143.0,143.0,1.0,1.0,0.0,0.0,1.0,1.0,178.0,178.0,2.0,2.0,89.0,89.0,76.3675323681471,76.3675323681471,143.0,143.0,143.0,143.0,143.0,143.0,35.0,35.0,35.0,35.0,0.0,0.0,685.0,685.0,395.0,395.0,1.73417721518987,1.73417721518987,1.06524300460993,1.06524300460993,7.0,7.0,0.0,0.0,0.0,0.0,1.0,1.0,0.0,0.0,1.0,1.0
P001,2025-10-28,106.0,619.0,191.0,104.0,174.0,,,50.0,256.0,59.0,87.0,49.0,,,52.0,119.0,21.0,0.0,56.0,,,106.0,619.0,191.0,104.0,174.0,,,50.0,256.0,59.0,87.0,49.0,,,2.12,2.41796875,3.23728813559322,1.19540229885057,3.55102040816327,,,7.20442041176025,8.29133195944806,5.80231518314129,0.524716544958126,8.59520511799504,,,52.0,119.0,31.0,3.0,56.0,,,52.0,119.0,21.0,0.0,56.0,,,52.0,119.0,21.0,0.0,28.0,,,1.0,1.0,1.0,1.0,1.0,,,0.0,1.0,0.0,1.0,1.0,,,0.0,0.0,0.0,0.0,0.0,,,52.0,174.0,52.0,0.0,84.0,,,1.0,2.0,2.0,0.0,2.0,,,52.0,87.0,26.0,0.0,42.0,,,,45.254833995939,7.07106781186548,,19.7989898732233,,,52.0,119.0,31.0,0.0,56.0,,,52.0,119.0,21.0,0.0,56.0,,,52.0,119.0,21.0,0.0,28.0,,,52.0,55.0,21.0,0.0,28.0,,,0.0,55.0,31.0,0.0,28.0,,,0.0,0.0,0.0,0.0,0.0,,,54.0,445.0,139.0,104.0,90.0,,,49.0,254.0,57.0,87.0,47.0,,,1.10204081632653,1.75196850393701,2.43859649122807,1.19540229885057,1.91489361702128,,,0.305838870920599,2.04820756087922,3.84994222526061,0.524716544958126,1.24812532874817,,,2.0,17.0,17.0,3.0,6.0,,,0.0,17.0,12.0,0.0,0.0,,,0.0,0.0,0.0,0.0,0.0,,,1.0,1.0,1.0,1.0,1.0,,,0.0,0.0,0.0,0.0,0.0,,,0.0,0.0,0.0,0.0,0.0,,,1482.0,1482.0,653.0,653.0,262.0,262.0,1482.0,1482.0,653.0,653.0,2.29588613822418,2.29588613822418,7.82410846453503,7.82410846453503,262.0,262.0,262.0,262.0,262.0,262.0,2.0,2.0,1.0,1.0,1.0,1.0,352.0,352.0,4.0,4.0,88.0,88.0,60.81118318204305,60.81118318204305,262.0,262.0,262.0,262.0,262.0,262.0,90.0,90.0,90.0,90.0,0.0,0.0,1130.0,1130.0,649.0,649.0,1.7430728595634402,1.7430728595634402,1.556725282744575,1.556725282744575,24.0,24.0,17.0,17.0,0.0,0.0,2.0,2.0,0.0,0.0,1.0,1.0
P001,2025-10-29,174.0,879.0,329.0,228.0,317.0,,,62.0,322.0,100.0,120.0,105.0,,,47.0,110.0,63.0,49.0,51.0,,,174.0,879.0,329.0,228.0,317.0,,,62.0,322.0,100.0,120.0,105.0,,,2.80645161290323,2.72981366459627,3.29,1.9,3.01904761904762,,,7.98120478533718,11.4898700865987,7.79833574578835,4.51775209961917,5.59529498840999,,,47.0,171.0,63.0,49.0,51.0,,,47.0,110.0,63.0,49.0,51.0,,,47.0,110.0,63.0,0.0,24.0,,,1.0,1.0,1.0,1.0,1.0,,,0.0,0.0,0.0,0.0,0.0,,,0.0,0.0,0.0,0.0,0.0,,,92.0,281.0,96.0,49.0,75.0,,,2.0,2.0,2.0,1.0,2.0,,,46.0,140.5,48.0,49.0,37.5,,,1.4142135623731,43.1335136523794,21.2132034355964,,19.0918830920368,,,47.0,171.0,63.0,49.0,51.0,,,47.0,110.0,63.0,49.0,51.0,,,47.0,110.0,63.0,0.0,24.0,,,45.0,110.0,33.0,49.0,24.0,,,45.0,171.0,33.0,0.0,24.0,,,0.0,0.0,0.0,0.0,0.0,,,82.0,598.0,233.0,179.0,242.0,,,60.0,320.0,98.0,119.0,103.0,,,1.36666666666667,1.86875,2.37755102040816,1.50420168067227,2.3495145631068,,,0.688074362030454,2.69592023127854,3.92064403010171,1.27474789518098,2.1406831320503,,,4.0,33.0,25.0,12.0,19.0,,,0.0,33.0,17.0,1.0,19.0,,,0.0,0.0,0.0,0.0,0.0,,,1.0,1.0,1.0,1.0,1.0,,,0.0,1.0,0.0,1.0,0.0,,,0.0,0.0,0.0,0.0,0.0,,,2361.0,2361.0,975.0,975.0,372.0,372.0,2361.0,2361.0,975.0,975.0,2.4405286470148764,2.4405286470148764,9.04602900522292,9.04602900522292,433.0,433.0,372.0,372.0,372.0,372.0,3.0,3.0,1.0,1.0,1.0,1.0,633.0,633.0,6.0,6.0,105.5,105.5,54.91862667215516,54.91862667215516,433.0,433.0,372.0,372.0,372.0,372.0,200.0,200.0,261.0,261.0,0.0,0.0,1728.0,1728.0,969.0,969.0,1.78496523970896,1.78496523970896,1.9364569322558964,1.9364569322558964,57.0,57.0,50.0,50.0,0.0,0.0,3.0,3.0,1.0,1.0,1.0,1.0
P001,2025-10-30,324.0,1174.0,313.0,159.0,253.0,,,112.0,418.0,116.0,76.0,90.0,,,114.0,238.0,70.0,49.0,50.0,,,324.0,1174.0,313.0,159.0,253.0,,,112.0,418.0,116.0,76.0,90.0,,,2.89285714285714,2.80861244019139,2.69827586206897,2.09210526315789,2.81111111111111,,,11.3608757615554,14.7770553391709,7.3357016529184,5.51646657823393,5.92441993452096,,,114.0,238.0,70.0,49.0,50.0,,,114.0,238.0,70.0,49.0,50.0,,,114.0,238.0,70.0,0.0,30.0,,,1.0,1.0,1.0,1.0,1.0,,,0.0,0.0,0.0,0.0,0.0,,,0.0,0.0,0.0,0.0,0.0,,,158.0,426.0,110.0,49.0,80.0,,,2.0,2.0,2.0,1.0,2.0,,,79.0,213.0,55.0,49.0,40.0,,,49.4974746830583,35.3553390593274,21.2132034355964,,14.142135623731,,,114.0,238.0,70.0,49.0,50.0,,,114.0,238.0,70.0,49.0,50.0,,,114.0,238.0,70.0,0.0,30.0,,,44.0,188.0,40.0,49.0,30.0,,,44.0,188.0,40.0,0.0,30.0,,,0.0,0.0,0.0,0.0,0.0,,,166.0,748.0,203.0,110.0,173.0,,,110.0,416.0,114.0,75.0,88.0,,,1.50909090909091,1.79807692307692,1.78070175438596,1.46666666666667,1.96590909090909,,,0.864651964192907,1.56854507179786,1.23201232560367,0.843630079899782,1.04440340596877,,,4.0,25.0,9.0,6.0,6.0,,,0.0,3.0,3.0,0.0,0.0,,,0.0,0.0,0.0,0.0,0.0,,,1.0,1.0,1.0,1.0,1.0,,,0.0,1.0,0.0,0.0,0.0,,,0.0,0.0,0.0,0.0,0.0,,,3535.0,3535.0,1393.0,1393.0,610.0,610.0,3535.0,3535.0,1393.0,1393.0,2.532549595309005,2.532549595309005,10.478785588709917,10.478785588709917,671.0,671.0,610.0,610.0,610.0,610.0,4.0,4.0,1.0,1.0,1.0,1.0,1059.0,1059.0,8.0,8.0,132.375,132.375,50.02780476894822,50.02780476894822,671.0,671.0,610.0,610.0,610.0,610.0,388.0,388.0,449.0,449.0,0.0,0.0,2476.0,2476.0,1385.0,1385.0,1.78824316055095,1.78824316055095,1.844478967141388,1.844478967141388,82.0,82.0,53.0,53.0,0.0,0.0,4.0,4.0,2.0,2.0,1.0,1.0
P001,2025-10-31,276.0,1027.0,264.0,215.0,284.0,,,96.0,417.0,121.0,103.0,126.0,,,85.0,137.0,29.0,47.0,57.0,,,276.0,1027.0,264.0,215.0,284.0,,,96.0,417.0,121.0,103.0,126.0,,,2.875,2.46282973621103,2.18181818181818,2.0873786407767,2.25396825396825,,,9.41024078219826,10.695037699626,3.80569748316039,4.99236043059304,5.02622961343631,,,85.0,172.0,31.0,47.0,57.0,,,85.0,137.0,29.0,47.0,57.0,,,85.0,137.0,29.0,23.0,0.0,,,1.0,1.0,1.0,1.0,1.0,,,0.0,0.0,1.0,0.0,0.0,,,0.0,0.0,0.0,0.0,0.0,,,126.0,309.0,60.0,70.0,57.0,,,2.0,2.0,2.0,2.0,1.0,,,63.0,154.5,30.0,35.0,57.0,,,31.1126983722081,24.7487373415292,1.4142135623731,16.9705627484771,,,,85.0,172.0,31.0,47.0,57.0,,,85.0,137.0,29.0,47.0,57.0,,,85.0,137.0,29.0,23.0,0.0,,,41.0,137.0,29.0,23.0,57.0,,,41.0,172.0,31.0,23.0,0.0,,,0.0,0.0,0.0,0.0,0.0,,,150.0,718.0,204.0,145.0,227.0,,,94.0,415.0,119.0,101.0,125.0,,,1.59574468085106,1.73012048192771,1.71428571428571,1.43564356435644,1.816,,,0.807480469302346,1.11832938505092,1.17273298897842,0.669564658328954,1.05022271063593,,,4.0,12.0,8.0,4.0,6.0,,,0.0,0.0,8.0,0.0,0.0,,,0.0,0.0,0.0,0.0,0.0,,,1.0,1.0,1.0,1.0,1.0,,,0.0,0.0,0.0,0.0,1.0,,,0.0,0.0,0.0,0.0,0.0,,,4562.0,4562.0,1810.0,1810.0,747.0,747.0,4562.0,4562.0,1810.0,1810.0,2.51860562348941,2.51860562348941,10.522036010893132,10.522036010893132,843.0,843.0,747.0,747.0,747.0,747.0,5.0,5.0,1.0,1.0,1.0,1.0,1368.0,1368.0,10.0,10.0,136.8,136.8,44.97199128346442,44.97199128346442,843.0,843.0,747.0,747.0,747.0,747.0,525.0,525.0,621.0,621.0,0.0,0.0,3194.0,3194.0,1800.0,1800.0,1.7766186248263018,1.7766186248263018,1.699249050723294,1.699249050723294,94.0,94.0,53.0,53.0,0.0,0.0,5.0,5.0,2.0,2.0,1.0,1.0
P001,2025-11-01,193.0,781.0,158.0,242.0,77.0,,1456.0,92.0,370.0,122.0,89.0,40.0,,856.0,34.0,86.0,0.0,48.0,0.0,,134.0,193.0,781.0,158.0,242.0,77.0,,1456.0,92.0,370.0,122.0,89.0,40.0,,856.0,2.09782608695652,2.11081081081081,1.29508196721311,2.71910112359551,1.925,,1.70093457943925,4.07635848753178,7.09678669924814,1.0498998345782,6.07713442497393,3.77160443312922,,5.9325092323743,34.0,102.0,9.0,48.0,25.0,,134.0,34.0,86.0,0.0,48.0,0.0,,134.0,34.0,86.0,0.0,27.0,25.0,,134.0,1.0,1.0,1.0,1.0,1.0,,1.0,0.0,0.0,0.0,0.0,0.0,,1.0,0.0,0.0,0.0,0.0,0.0,,0.0,50.0,188.0,0.0,75.0,25.0,,236.0,2.0,2.0,0.0,2.0,1.0,,2.0,25.0,94.0,0.0,37.5,25.0,,118.0,12.7279220613579,11.3137084989848,,14.8492424049175,,,22.6274169979695,34.0,102.0,0.0,48.0,25.0,,134.0,34.0,86.0,0.0,48.0,0.0,,134.0,34.0,86.0,0.0,27.0,25.0,,134.0,16.0,86.0,0.0,27.0,25.0,,102.0,16.0,102.0,0.0,27.0,25.0,,102.0,0.0,0.0,0.0,0.0,0.0,,0.0,143.0,593.0,158.0,167.0,52.0,,1220.0,90.0,368.0,122.0,87.0,39.0,,854.0,1.58888888888889,1.61141304347826,1.29508196721311,1.91954022988506,1.33333333333333,,1.42857142857143,1.76669846625327,2.0064148250508,1.0498998345782,2.5390823777572,0.477566932940919,,1.69999064101377,17.0,26.0,9.0,19.0,2.0,,30.0,17.0,21.0,0.0,19.0,0.0,,30.0,0.0,0.0,0.0,0.0,0.0,,0.0,1.0,1.0,1.0,1.0,1.0,,1.0,0.0,0.0,1.0,0.0,0.0,,1.0,0.0,0.0,0.0,0.0,0.0,,0.0,5343.0,5343.0,2180.0,2180.0,833.0,833.0,5343.0,5343.0,2180.0,2180.0,2.45063982137631,2.45063982137631,9.951161125618968,9.951161125618968,945.0,945.0,833.0,833.0,833.0,833.0,6.0,6.0,1.0,1.0,1.0,1.0,1556.0,1556.0,12.0,12.0,129.66666666666666,129.66666666666666,39.36227748605115,39.36227748605115,945.0,945.0,833.0,833.0,833.0,833.0,611.0,611.0,723.0,723.0,0.0,0.0,3787.0,3787.0,2168.0,2168.0,1.7490843612682951,1.7490843612682951,1.7504433464445448,1.7504433464445448,120.0,120.0,74.0,74.0,0.0,0.0,6.0,6.0,2.0,2.0,1.0,1.0
P001,2025-11-02,540.0,675.0,68.0,28.0,20.0,,,424.0,489.0,24.0,20.0,13.0,,,28.0,48.0,20.0,0.0,0.0,,,540.0,675.0,68.0,28.0,20.0,,,424.0,489.0,24.0,20.0,13.0,,,1.27358490566038,1.38036809815951,2.83333333333333,1.4,1.53846153846154,,,1.42608604124341,2.47249274135019,4.33054536847333,0.753937034925052,0.967417922046845,,,28.0,48.0,20.0,4.0,4.0,,,28.0,48.0,20.0,0.0,0.0,,,28.0,48.0,20.0,0.0,0.0,,,1.0,1.0,1.0,1.0,1.0,,,1.0,1.0,0.0,0.0,0.0,,,0.0,0.0,0.0,0.0,0.0,,,28.0,48.0,20.0,0.0,0.0,,,1.0,1.0,1.0,0.0,0.0,,,28.0,48.0,20.0,0.0,0.0,,,,,,,,,,28.0,48.0,20.0,0.0,0.0,,,28.0,48.0,20.0,0.0,0.0,,,28.0,48.0,20.0,0.0,0.0,,,28.0,48.0,20.0,0.0,0.0,,,0.0,0.0,0.0,0.0,0.0,,,0.0,0.0,0.0,0.0,0.0,,,512.0,627.0,48.0,28.0,20.0,,,423.0,488.0,23.0,20.0,13.0,,,1.21040189125296,1.28483606557377,2.08695652173913,1.4,1.53846153846154,,,0.584706820200374,1.28600729292822,2.37243724849019,0.753937034925052,0.967417922046845,,,8.0,27.0,12.0,4.0,4.0,,,0.0,0.0,0.0,0.0,0.0,,,0.0,0.0,0.0,0.0,0.0,,,1.0,1.0,1.0,1.0,1.0,,,1.0,0.0,0.0,0.0,0.0,,,0.0,0.0,0.0,0.0,0.0,,,6018.0,6018.0,2669.0,2669.0,881.0,881.0,6018.0,6018.0,2669.0,2669.0,2.297743860916768,2.297743860916768,8.882779927866284,8.882779927866284,993.0,993.0,881.0,881.0,881.0,881.0,7.0,7.0,2.0,2.0,1.0,1.0,1604.0,1604.0,13.0,13.0,118.0,118.0,39.36227748605115,39.36227748605115,993.0,993.0,881.0,881.0,881.0,881.0,659.0,659.0,723.0,723.0,0.0,0.0,4414.0,4414.0,2656.0,2656.0,1.6827631761690771,1.6827631761690771,1.6840953387993558,1.6840953387993558,147.0,147.0,74.0,74.0,0.0,0.0,7.0,7.0,2.0,2.0,1.0,1.0
P001,2025-11-03,928.0,1835.0,209.0,644.0,72.0,7966.0,,489.0,956.0,117.0,331.0,42.0,4206.0,,0.0,70.0,43.0,27.0,0.0,429.0,,928.0,1835.0,209.0,644.0,72.0,7966.0,,489.0,956.0,117.0,331.0,42.0,4206.0,,1.89775051124744,1.91945606694561,1.78632478632479,1.94561933534743,1.71428571428571,1.89396100808369,,3.0531116637081,4.17331313599305,3.9190715381568,2.59896316624607,0.708337603321147,9.54743718822828,,49.0,77.0,43.0,28.0,4.0,429.0,,0.0,70.0,43.0,27.0,0.0,429.0,,0.0,70.0,43.0,27.0,0.0,429.0,,1.0,1.0,1.0,1.0,1.0,1.0,,1.0,0.0,0.0,0.0,0.0,1.0,,1.0,1.0,0.0,0.0,0.0,1.0,,0.0,70.0,43.0,27.0,0.0,429.0,,0.0,1.0,1.0,1.0,0.0,1.0,,0.0,70.0,43.0,27.0,0.0,429.0,,,,,,,,,0.0,70.0,43.0,27.0,0.0,429.0,,0.0,70.0,43.0,27.0,0.0,429.0,,0.0,70.0,43.0,27.0,0.0,429.0,,0.0,70.0,43.0,27.0,0.0,429.0,,0.0,70.0,43.0,27.0,0.0,429.0,,0.0,0.0,0.0,0.0,0.0,0.0,,928.0,1765.0,166.0,617.0,72.0,7537.0,,489.0,955.0,116.0,330.0,42.0,4205.0,,1.89775051124744,1.84816753926702,1.43103448275862,1.86969696969697,1.71428571428571,1.79239001189061,,3.0531116637081,3.54559760292088,0.771493615528087,2.20485576980543,0.708337603321147,6.91180261132102,,49.0,77.0,6.0,28.0,4.0,287.0,,49.0,52.0,6.0,28.0,0.0,287.0,,0.0,0.0,0.0,0.0,0.0,0.0,,1.0,1.0,1.0,1.0,1.0,1.0,,0.0,0.0,0.0,0.0,0.0,1.0,,1.0,1.0,0.0,0.0,0.0,1.0,,1835.0,1835.0,956.0,956.0,70.0,70.0,1835.0,1835.0,956.0,956.0,1.91945606694561,1.91945606694561,4.17331313599305,4.17331313599305,77.0,77.0,70.0,70.0,70.0,70.0,1.0,1.0,0.0,0.0,1.0,1.0,70.0,70.0,1.0,1.0,70.0,70.0,31.961226509631963,39.36227748605115,70.0,70.0,70.0,70.0,70.0,70.0,70.0,70.0,70.0,70.0,0.0,0.0,1765.0,1765.0,955.0,955.0,1.84816753926702,1.84816753926702,3.54559760292088,3.54559760292088,77.0,77.0,52.0,52.0,0.0,0.0,1.0,1.0,0.0,0.0,1.0,1.0
P001,2025-11-04,557.0,1610.0,358.0,634.0,75.0,,,330.0,978.0,267.0,356.0,47.0,,,0.0,2.0,2.0,0.0,0.0,,,557.0,1610.0,358.0,634.0,75.0,,,330.0,978.0,267.0,356.0,47.0,,,1.68787878787879,1.64621676891616,1.34082397003745,1.78089887640449,1.59574468085106,,,2.68557528952716,3.26602669941235,0.648842285152736,2.76543561113302,0.613598596594574,,,36.0,79.0,5.0,43.0,3.0,,,0.0,2.0,2.0,0.0,0.0,,,0.0,2.0,2.0,0.0,0.0,,,1.0,1.0,1.0,1.0,1.0,,,0.0,1.0,0.0,0.0,0.0,,,0.0,0.0,0.0,0.0,0.0,,,0.0,2.0,2.0,0.0,0.0,,,0.0,1.0,1.0,0.0,0.0,,,0.0,2.0,2.0,0.0,0.0,,,,,,,,,,0.0,2.0,2.0,0.0,0.0,,,0.0,2.0,2.0,0.0,0.0,,,0.0,2.0,2.0,0.0,0.0,,,0.0,2.0,2.0,0.0,0.0,,,0.0,2.0,2.0,0.0,0.0,,,0.0,0.0,0.0,0.0,0.0,,,557.0,1608.0,356.0,634.0,75.0,,,330.0,977.0,266.0,356.0,47.0,,,1.68787878787879,1.64585465711361,1.33834586466165,1.78089887640449,1.59574468085106,,,2.68557528952716,3.26767979790565,0.64879822772846,2.76543561113302,0.613598596594574,,,36.0,79.0,5.0,43.0,3.0,,,36.0,79.0,4.0,43.0,0.0,,,0.0,0.0,0.0,0.0,0.0,,,1.0,1.0,1.0,1.0,1.0,,,0.0,0.0,0.0,0.0,0.0,,,0.0,0.0,0.0,0.0,0.0,,,3445.0,3445.0,1934.0,1934.0,72.0,72.0,3445.0,3445.0,1934.0,1934.0,1.782836417930885,1.782836417930885,3.7196699177027,3.7196699177027,156.0,156.0,72.0,72.0,72.0,72.0,2.0,2.0,1.0,1.0,1.0,1.0,72.0,72.0,2.0,2.0,36.0,36.0,,,72.0,72.0,72.0,72.0,72.0,72.0,72.0,72.0,72.0,72.0,0.0,0.0,3373.0,3373.0,1932.0,1932.0,1.747011098190315,1.747011098190315,3.406638700413265,3.406638700413265,156.0,156.0,131.0,131.0,0.0,0.0,2.0,2.0,0.0,0.0,1.0,1.0
P001,2025-11-05,680.0,1671.0,146.0,768.0,79.0,,,416.0,889.0,16.0,431.0,52.0,,,0.0,129.0,105.0,24.0,0.0,,,680.0,1671.0,146.0,768.0,79.0,,,416.0,889.0,16.0,431.0,52.0,,,1.63461538461538,1.87964004499438,9.125,1.78190255220418,1.51923076923077,,,2.17458570404679,5.2644183696955,25.8711551088595,2.52591168892526,0.577023621203541,,,26.0,129.0,105.0,32.0,3.0,,,0.0,129.0,105.0,24.0,0.0,,,0.0,129.0,105.0,24.0,0.0,,,1.0,1.0,1.0,1.0,1.0,,,0.0,1.0,0.0,0.0,1.0,,,0.0,0.0,0.0,0.0,0.0,,,0.0,129.0,105.0,24.0,0.0,,,0.0,1.0,1.0,1.0,0.0,,,0.0,129.0,105.0,24.0,0.0,,,,,,,,,,0.0,129.0,105.0,24.0,0.0,,,0.0,129.0,105.0,24.0,0.0,,,0.0,129.0,105.0,24.0,0.0,,,0.0,129.0,105.0,24.0,0.0,,,0.0,129.0,105.0,24.0,0.0,,,0.0,0.0,0.0,0.0,0.0,,,680.0,1542.0,41.0,744.0,79.0,,,416.0,888.0,15.0,430.0,52.0,,,1.63461538461538,1.73648648648649,2.73333333333333,1.73023255813953,1.51923076923077,,,2.17458570404679,3.08327448557025,4.09645607579922,2.28948492122833,0.577023621203541,,,26.0,54.0,17.0,32.0,3.0,,,22.0,52.0,17.0,32.0,0.0,,,0.0,0.0,0.0,0.0,0.0,,,1.0,1.0,1.0,1.0,1.0,,,0.0,1.0,0.0,1.0,1.0,,,0.0,0.0,0.0,0.0,0.0,,,5116.0,5116.0,2823.0,2823.0,201.0,201.0,5116.0,5116.0,2823.0,2823.0,1.8151042936187167,1.8151042936187167,4.234586068366967,4.234586068366967,285.0,285.0,201.0,201.0,201.0,201.0,3.0,3.0,2.0,2.0,1.0,1.0,201.0,201.0,3.0,3.0,67.0,67.0,,,201.0,201.0,201.0,201.0,201.0,201.0,201.0,201.0,201.0,201.0,0.0,0.0,4915.0,4915.0,2820.0,2820.0,1.7435028942890398,1.7435028942890398,3.298850628798927,3.298850628798927,210.0,210.0,183.0,183.0,0.0,0.0,3.0,3.0,1.0,1.0,1.0,1.0
P001,2025-11-06,759.0,1663.0,152.0,689.0,40.0,,,401.0,850.0,41.0,393.0,21.0,,,25.0,98.0,52.0,21.0,0.0,,,759.0,1663.0,152.0,689.0,40.0,,,401.0,850.0,41.0,393.0,21.0,,,1.8927680798005,1.95647058823529,3.70731707317073,1.75318066157761,1.9047619047619,,,3.19467878957784,5.09155163103561,8.42093790037376,2.6683416676924,0.624880941040924,,,42.0,98.0,52.0,35.0,3.0,,,25.0,98.0,52.0,21.0,0.0,,,25.0,98.0,52.0,21.0,0.0,,,1.0,1.0,1.0,1.0,1.0,,,0.0,0.0,0.0,0.0,0.0,,,0.0,0.0,0.0,0.0,0.0,,,25.0,98.0,52.0,21.0,0.0,,,1.0,1.0,1.0,1.0,0.0,,,25.0,98.0,52.0,21.0,0.0,,,,,,,,,,25.0,98.0,52.0,21.0,0.0,,,25.0,98.0,52.0,21.0,0.0,,,25.0,98.0,52.0,21.0,0.0,,,25.0,98.0,52.0,21.0,0.0,,,25.0,98.0,52.0,21.0,0.0,,,0.0,0.0,0.0,0.0,0.0,,,734.0,1565.0,100.0,668.0,40.0,,,400.0,849.0,40.0,392.0,21.0,,,1.835,1.84334511189635,2.5,1.70408163265306,1.9047619047619,,,2.98161030317512,3.88122064596839,3.3817003764227,2.48765415509574,0.624880941040924,,,42.0,77.0,18.0,35.0,3.0,,,42.0,77.0,18.0,35.0,0.0,,,0.0,0.0,0.0,0.0,0.0,,,1.0,1.0,1.0,1.0,1.0,,,0.0,1.0,0.0,0.0,0.0,,,0.0,0.0,0.0,0.0,0.0,,,6779.0,6779.0,3673.0,3673.0,299.0,299.0,6779.0,6779.0,3673.0,3673.0,1.85044586727286,1.85044586727286,4.448827459034128,4.448827459034128,383.0,383.0,299.0,299.0,299.0,299.0,4.0,4.0,2.0,2.0,1.0,1.0,299.0,299.0,4.0,4.0,74.75,74.75,,,299.0,299.0,299.0,299.0,299.0,299.0,299.0,299.0,299.0,299.0,0.0,0.0,6480.0,6480.0,3669.0,3669.0,1.7684634486908677,1.7684634486908677,3.4444431330912924,3.4444431330912924,287.0,287.0,260.0,260.0,0.0,0.0,4.0,4.0,2.0,2.0,1.0,1.0
P001,2025-11-07,469.0,1187.0,214.0,450.0,74.0,,,279.0,586.0,56.0,245.0,21.0,,,0.0,130.0,103.0,27.0,37.0,,,469.0,1187.0,214.0,450.0,74.0,,,279.0,586.0,56.0,245.0,21.0,,,1.68100358422939,2.02559726962457,3.82142857142857,1.83673469387755,3.52380952380952,,,2.36172211813678,6.08298959913397,13.7591056036716,2.56670787081005,7.94744643026329,,,28.0,130.0,103.0,27.0,37.0,,,0.0,130.0,103.0,27.0,37.0,,,0.0,130.0,103.0,27.0,0.0,,,1.0,1.0,1.0,1.0,1.0,,,0.0,0.0,1.0,0.0,0.0,,,0.0,0.0,0.0,0.0,0.0,,,0.0,130.0,103.0,27.0,0.0,,,0.0,1.0,1.0,1.0,0.0,,,0.0,130.0,103.0,27.0,0.0,,,,,,,,,,0.0,130.0,103.0,27.0,0.0,,,0.0,130.0,103.0,27.0,0.0,,,0.0,130.0,103.0,27.0,0.0,,,0.0,130.0,103.0,27.0,0.0,,,0.0,130.0,103.0,27.0,0.0,,,0.0,0.0,0.0,0.0,0.0,,,469.0,1057.0,111.0,423.0,74.0,,,279.0,585.0,55.0,244.0,21.0,,,1.68100358422939,1.80683760683761,2.01818181818182,1.73360655737705,3.52380952380952,,,2.36172211813678,2.99576546166802,2.71136776397359,1.99967530927105,7.94744643026329,,,28.0,48.0,17.0,20.0,37.0,,,0.0,48.0,13.0,0.0,37.0,,,0.0,0.0,0.0,0.0,0.0,,,1.0,1.0,1.0,1.0,1.0,,,1.0,0.0,1.0,0.0,0.0,,,0.0,0.0,0.0,0.0,0.0,,,7966.0,7966.0,4259.0,4259.0,429.0,429.0,7966.0,7966.0,4259.0,4259.0,1.885476147743202,1.885476147743202,4.775659887054096,4.775659887054096,513.0,513.0,429.0,429.0,429.0,429.0,5.0,5.0,2.0,2.0,1.0,1.0,429.0,429.0,5.0,5.0,85.8,85.8,,,429.0,429.0,429.0,429.0,429.0,429.0,429.0,429.0,429.0,429.0,0.0,0.0,7537.0,7537.0,4254.0,4254.0,1.776138280320216,1.776138280320216,3.3547075988066384,3.3547075988066384,335.0,335.0,308.0,308.0,0.0,0.0,5.0,5.0,2.0,2.0,1.0,1.0
P001,2025-11-08,160.0,815.0,57.0,508.0,70.0,,1167.0,33.0,390.0,17.0,317.0,46.0,,470.0,115.0,219.0,23.0,81.0,0.0,,390.0,160.0,815.0,57.0,508.0,70.0,,1167.0,33.0,390.0,17.0,317.0,46.0,,470.0,4.84848484848485,2.08974358974359,3.35294117647059,1.60252365930599,1.52173913043478,,2.48297872340426,19.8370253757355,11.4761246486817,5.2908077888753,4.69915087302427,1.1496691395505,,18.6662622714095,115.0,219.0,23.0,81.0,7.0,,390.0,115.0,219.0,23.0,81.0,0.0,,390.0,115.0,219.0,23.0,81.0,0.0,,390.0,1.0,1.0,1.0,1.0,1.0,,1.0,0.0,0.0,0.0,1.0,0.0,,1.0,0.0,0.0,0.0,0.0,0.0,,0.0,115.0,219.0,23.0,81.0,0.0,,390.0,1.0,1.0,1.0,1.0,0.0,,1.0,115.0,219.0,23.0,81.0,0.0,,390.0,,,,,,,,115.0,219.0,23.0,81.0,0.0,,390.0,115.0,219.0,23.0,81.0,0.0,,390.0,115.0,219.0,23.0,81.0,0.0,,390.0,115.0,219.0,23.0,81.0,0.0,,390.0,115.0,219.0,23.0,81.0,0.0,,390.0,0.0,0.0,0.0,0.0,0.0,,0.0,45.0,596.0,34.0,427.0,70.0,,777.0,32.0,389.0,16.0,316.0,46.0,,469.0,1.40625,1.53213367609255,2.125,1.35126582278481,1.52173913043478,,1.65671641791045,1.6036123536083,3.23513584581042,1.58640053790544,1.44090964839167,1.1496691395505,,5.25497959677978,10.0,55.0,7.0,24.0,7.0,,92.0,0.0,0.0,7.0,0.0,0.0,,92.0,0.0,0.0,0.0,0.0,0.0,,0.0,1.0,1.0,1.0,1.0,1.0,,1.0,0.0,0.0,0.0,0.0,0.0,,1.0,0.0,0.0,0.0,0.0,0.0,,0.0,8781.0,8781.0,4649.0,4649.0,648.0,648.0,8781.0,8781.0,4649.0,4649.0,1.9195207214099328,1.9195207214099328,5.892404013992031,5.892404013992031,732.0,732.0,648.0,648.0,648.0,648.0,6.0,6.0,2.0,2.0,1.0,1.0,648.0,648.0,6.0,6.0,108.0,108.0,,,648.0,648.0,648.0,648.0,648.0,648.0,648.0,648.0,648.0,648.0,0.0,0.0,8133.0,8133.0,4643.0,4643.0,1.7354708462822714,1.7354708462822714,3.334778973307268,3.334778973307268,390.0,390.0,308.0,308.0,0.0,0.0,6.0,6.0,2.0,2.0,1.0,1.0
P001,2025-11-09,100.0,352.0,134.0,64.0,34.0,,,15.0,84.0,21.0,26.0,11.0,,,75.0,171.0,71.0,25.0,19.0,,,100.0,352.0,134.0,64.0,34.0,,,15.0,84.0,21.0,26.0,11.0,,,6.66666666666667,4.19047619047619,6.38095238095238,2.46153846153846,3.09090909090909,,,18.9874645364727,19.1848812151754,15.8728579357222,4.86810656605435,5.35638955742663,,,75.0,171.0,71.0,25.0,19.0,,,75.0,171.0,71.0,25.0,19.0,,,75.0,171.0,71.0,25.0,0.0,,,1.0,1.0,1.0,1.0,1.0,,,0.0,0.0,0.0,0.0,0.0,,,0.0,0.0,0.0,0.0,0.0,,,75.0,171.0,71.0,25.0,0.0,,,1.0,1.0,1.0,1.0,0.0,,,75.0,171.0,71.0,25.0,0.0,,,,,,,,,,75.0,171.0,71.0,25.0,0.0,,,75.0,171.0,71.0,25.0,0.0,,,75.0,171.0,71.0,25.0,0.0,,,75.0,171.0,71.0,25.0,0.0,,,75.0,171.0,71.0,25.0,0.0,,,0.0,0.0,0.0,0.0,0.0,,,25.0,181.0,63.0,39.0,34.0,,,14.0,83.0,20.0,25.0,11.0,,,1.78571428571429,2.18072289156627,3.15,1.56,3.09090909090909,,,1.84718377864465,5.39680252740782,5.86941223633168,1.6350331291241,5.35638955742663,,,8.0,37.0,23.0,9.0,19.0,,,0.0,0.0,17.0,0.0,19.0,,,0.0,0.0,0.0,0.0,0.0,,,1.0,1.0,1.0,1.0,1.0,,,0.0,0.0,0.0,0.0,0.0,,,0.0,0.0,0.0,0.0,0.0,,,9133.0,9133.0,4733.0,4733.0,819.0,819.0,9133.0,9133.0,4733.0,4733.0,2.2439429312765413,2.2439429312765413,7.791329328446797,7.791329328446797,903.0,903.0,819.0,819.0,819.0,819.0,7.0,7.0,2.0,2.0,1.0,1.0,819.0,819.0,7.0,7.0,117.0,117.0,,,819.0,819.0,819.0,819.0,819.0,819.0,819.0,819.0,819.0,819.0,0.0,0.0,8314.0,8314.0,4726.0,4726.0,1.7990782813228428,1.7990782813228428,3.629353766750204,3.629353766750204,427.0,427.0,308.0,308.0,0.0,0.0,7.0,7.0,2.0,2.0,1.0,1.0
P001,2025-11-10,437.0,1105.0,104.0,455.0,141.0,5911.0,,222.0,509.0,42.0,225.0,60.0,3161.0,,23.0,47.0,20.0,27.0,0.0,236.0,,437.0,1105.0,104.0,455.0,141.0,5911.0,,222.0,509.0,42.0,225.0,60.0,3161.0,,1.96846846846847,2.17092337917485,2.47619047619048,2.02222222222222,2.35,1.86997785510914,,2.92189370138078,5.36724714003631,5.0035991691742,3.20775350357264,5.53517258928937,7.5553560702068,,28.0,82.0,28.0,27.0,44.0,236.0,,23.0,47.0,20.0,27.0,0.0,236.0,,0.0,47.0,20.0,27.0,0.0,236.0,,1.0,1.0,1.0,1.0,1.0,1.0,,0.0,0.0,0.0,1.0,0.0,1.0,,0.0,0.0,0.0,0.0,0.0,1.0,,23.0,95.0,20.0,52.0,0.0,460.0,,1.0,2.0,1.0,2.0,0.0,2.0,,23.0,47.5,20.0,26.0,0.0,230.0,,,0.707106781186548,,1.4142135623731,,8.48528137423857,,23.0,48.0,20.0,27.0,0.0,236.0,,23.0,47.0,20.0,27.0,0.0,236.0,,0.0,47.0,20.0,27.0,0.0,236.0,,23.0,47.0,20.0,25.0,0.0,224.0,,23.0,48.0,20.0,25.0,0.0,224.0,,0.0,0.0,0.0,0.0,0.0,0.0,,414.0,1010.0,84.0,403.0,141.0,5451.0,,221.0,507.0,41.0,223.0,60.0,3159.0,,1.87330316742081,1.99211045364892,2.04878048780488,1.80717488789238,2.35,1.72554605887939,,2.56058630421005,4.55705343956125,4.21871555993169,2.26877404703149,5.53517258928937,4.91082764200982,,28.0,82.0,28.0,21.0,44.0,173.0,,21.0,82.0,3.0,15.0,44.0,173.0,,0.0,0.0,0.0,0.0,0.0,0.0,,1.0,1.0,1.0,1.0,1.0,1.0,,0.0,0.0,0.0,0.0,0.0,1.0,,0.0,0.0,0.0,0.0,0.0,1.0,,1105.0,1105.0,509.0,509.0,47.0,47.0,1105.0,1105.0,509.0,509.0,2.17092337917485,2.17092337917485,5.36724714003631,5.36724714003631,82.0,82.0,47.0,47.0,47.0,47.0,1.0,1.0,0.0,0.0,0.0,0.0,95.0,95.0,2.0,2.0,47.5,47.5,0.707106781186548,0.707106781186548,48.0,48.0,47.0,47.0,47.0,47.0,47.0,47.0,48.0,48.0,0.0,0.0,1010.0,1010.0,507.0,507.0,1.99211045364892,1.99211045364892,4.55705343956125,4.55705343956125,82.0,82.0,82.0,82.0,0.0,0.0,1.0,1.0,0.0,0.0,0.0,0.0
P001,2025-11-11,608.0,1411.0,130.0,536.0,108.0,,,401.0,794.0,59.0,288.0,55.0,,,30.0,54.0,21.0,26.0,0.0,,,608.0,1411.0,130.0,536.0,108.0,,,401.0,794.0,59.0,288.0,55.0,,,1.51620947630923,1.77707808564232,2.20338983050847,1.86111111111111,1.96363636363636,,,2.24507496445218,3.9708177013177,2.67671737341397,3.14151944220146,1.03572548135463,,,30.0,54.0,21.0,36.0,6.0,,,30.0,54.0,21.0,26.0,0.0,,,0.0,47.0,21.0,26.0,0.0,,,1.0,1.0,1.0,1.0,1.0,,,0.0,1.0,0.0,0.0,0.0,,,0.0,0.0,0.0,0.0,0.0,,,30.0,99.0,21.0,48.0,0.0,,,1.0,2.0,1.0,2.0,0.0,,,30.0,49.5,21.0,24.0,0.0,,,,3.53553390593274,,2.82842712474619,,,,30.0,52.0,21.0,26.0,0.0,,,30.0,47.0,21.0,26.0,0.0,,,0.0,47.0,21.0,26.0,0.0,,,30.0,47.0,21.0,22.0,0.0,,,30.0,52.0,21.0,22.0,0.0,,,0.0,0.0,0.0,0.0,0.0,,,578.0,1312.0,109.0,488.0,108.0,,,400.0,792.0,58.0,286.0,55.0,,,1.445,1.65656565656566,1.87931034482759,1.70629370629371,1.96363636363636,,,1.73623479926981,3.16519190107838,0.992561566553873,2.53904849654746,1.03572548135463,,,30.0,54.0,5.0,36.0,6.0,,,30.0,54.0,4.0,36.0,0.0,,,0.0,0.0,0.0,0.0,0.0,,,1.0,1.0,1.0,1.0,1.0,,,0.0,1.0,0.0,0.0,0.0,,,0.0,0.0,0.0,0.0,0.0,,,2516.0,2516.0,1303.0,1303.0,101.0,101.0,2516.0,2516.0,1303.0,1303.0,1.974000732408585,1.974000732408585,4.669032420677006,4.669032420677006,136.0,136.0,101.0,101.0,94.0,94.0,2.0,2.0,1.0,1.0,0.0,0.0,194.0,194.0,4.0,4.0,48.5,48.5,2.121320343559644,2.121320343559644,100.0,100.0,94.0,94.0,94.0,94.0,94.0,94.0,100.0,100.0,0.0,0.0,2322.0,2322.0,1299.0,1299.0,1.8243380551072899,1.8243380551072899,3.861122670319815,3.861122670319815,136.0,136.0,136.0,136.0,0.0,0.0,2.0,2.0,1.0,1.0,0.0,0.0
P001,2025-11-12,564.0,1288.0,115.0,491.0,140.0,,,367.0,737.0,50.0,270.0,68.0,,,7.0,24.0,0.0,24.0,0.0,,,564.0,1288.0,115.0,491.0,140.0,,,367.0,737.0,50.0,270.0,68.0,,,1.53678474114441,1.74762550881954,2.3,1.81851851851852,2.05882352941176,,,1.60195697089439,2.42581741732029,1.58113883008419,2.80341494315807,1.10470301190534,,,16.0,30.0,9.0,24.0,7.0,,,7.0,24.0,0.0,24.0,0.0,,,0.0,24.0,0.0,24.0,0.0,,,1.0,1.0,1.0,1.0,1.0,,,1.0,1.0,0.0,0.0,0.0,,,1.0,1.0,0.0,0.0,0.0,,,7.0,52.0,0.0,45.0,0.0,,,1.0,2.0,0.0,2.0,0.0,,,7.0,26.0,0.0,22.5,0.0,,,,2.82842712474619,,2.12132034355964,,,,7.0,28.0,0.0,24.0,0.0,,,7.0,24.0,0.0,24.0,0.0,,,0.0,24.0,0.0,24.0,0.0,,,7.0,24.0,0.0,21.0,0.0,,,7.0,28.0,0.0,21.0,0.0,,,0.0,0.0,0.0,0.0,0.0,,,557.0,1236.0,115.0,446.0,140.0,,,366.0,735.0,50.0,268.0,68.0,,,1.52185792349727,1.68163265306122,2.3,1.66417910447761,2.05882352941176,,,1.57838580332646,2.06946861007545,1.58113883008419,2.16178602069264,1.10470301190534,,,16.0,30.0,9.0,22.0,7.0,,,6.0,1.0,9.0,21.0,1.0,,,0.0,0.0,0.0,0.0,0.0,,,1.0,1.0,1.0,1.0,1.0,,,0.0,0.0,0.0,0.0,0.0,,,1.0,1.0,0.0,0.0,0.0,,,3804.0,3804.0,2040.0,2040.0,125.0,125.0,3804.0,3804.0,2040.0,2040.0,1.89854232454557,1.89854232454557,3.921294086224767,3.921294086224767,166.0,166.0,125.0,125.0,118.0,118.0,3.0,3.0,2.0,2.0,1.0,1.0,246.0,246.0,6.0,6.0,41.0,41.0,2.357022603955159,2.357022603955159,128.0,128.0,118.0,118.0,118.0,118.0,118.0,118.0,128.0,128.0,0.0,0.0,3558.0,3558.0,2034.0,2034.0,1.7767695877586,1.7767695877586,3.2639046502383597,3.2639046502383597,166.0,166.0,137.0,137.0,0.0,0.0,3.0,3.0,1.0,1.0,1.0,1.0
P001,2025-11-13,517.0,1201.0,112.0,450.0,115.0,,,325.0,671.0,44.0,250.0,64.0,,,23.0,65.0,0.0,23.0,0.0,,,517.0,1201.0,112.0,450.0,115.0,,,325.0,671.0,44.0,250.0,64.0,,,1.59076923076923,1.78986587183308,2.54545454545455,1.8,1.796875,,,2.11299061633727,3.26751790592873,2.29716251112911,2.93709142249546,0.759692659243155,,,28.0,65.0,12.0,37.0,4.0,,,23.0,65.0,0.0,23.0,0.0,,,0.0,23.0,0.0,23.0,0.0,,,1.0,1.0,1.0,1.0,1.0,,,0.0,0.0,1.0,0.0,0.0,,,0.0,0.0,0.0,0.0,0.0,,,23.0,66.0,0.0,43.0,0.0,,,1.0,2.0,0.0,2.0,0.0,,,23.0,33.0,0.0,21.5,0.0,,,,14.142135623731,,2.12132034355964,,,,23.0,43.0,0.0,23.0,0.0,,,23.0,23.0,0.0,23.0,0.0,,,0.0,23.0,0.0,23.0,0.0,,,23.0,23.0,0.0,20.0,0.0,,,23.0,43.0,0.0,20.0,0.0,,,0.0,0.0,0.0,0.0,0.0,,,494.0,1135.0,112.0,407.0,115.0,,,324.0,669.0,44.0,248.0,64.0,,,1.52469135802469,1.6965620328849,2.54545454545455,1.64112903225806,1.796875,,,1.74788901350069,2.73571469076636,2.29716251112911,2.3474169487889,0.759692659243155,,,28.0,65.0,12.0,37.0,4.0,,,14.0,65.0,12.0,37.0,0.0,,,0.0,0.0,0.0,0.0,0.0,,,1.0,1.0,1.0,1.0,1.0,,,0.0,0.0,0.0,0.0,0.0,,,0.0,0.0,0.0,0.0,0.0,,,5005.0,5005.0,2711.0,2711.0,190.0,190.0,5005.0,5005.0,2711.0,2711.0,1.8713732113674475,1.8713732113674475,3.757850041150758,3.757850041150758,231.0,231.0,190.0,190.0,141.0,141.0,4.0,4.0,2.0,2.0,1.0,1.0,312.0,312.0,8.0,8.0,39.0,39.0,5.303300858899119,5.303300858899119,171.0,171.0,141.0,141.0,141.0,141.0,141.0,141.0,171.0,171.0,0.0,0.0,4693.0,4693.0,2703.0,2703.0,1.756717699040175,1.756717699040175,3.1318571603703598,3.1318571603703598,231.0,231.0,202.0,202.0,0.0,0.0,4.0,4.0,1.0,1.0,1.0,1.0
P001,2025-11-14,349.0,906.0,97.0,287.0,163.0,,,239.0,504.0,37.0,173.0,62.0,,,27.0,95.0,25.0,20.0,50.0,,,349.0,906.0,97.0,287.0,163.0,,,239.0,504.0,37.0,173.0,62.0,,,1.4602510460251,1.79761904761905,2.62162162162162,1.65895953757225,2.62903225806452,,,1.76969396886404,4.82730741762823,3.94652696368276,2.41468209270255,6.23378912997345,,,27.0,95.0,25.0,26.0,50.0,,,27.0,95.0,25.0,20.0,50.0,,,0.0,95.0,25.0,20.0,50.0,,,1.0,1.0,1.0,1.0,1.0,,,0.0,0.0,0.0,0.0,0.0,,,0.0,0.0,0.0,0.0,0.0,,,27.0,148.0,25.0,46.0,50.0,,,1.0,2.0,1.0,2.0,1.0,,,27.0,74.0,25.0,23.0,50.0,,,,29.698484809835,,4.24264068711928,,,,27.0,95.0,25.0,26.0,50.0,,,27.0,95.0,25.0,20.0,50.0,,,0.0,95.0,25.0,20.0,50.0,,,27.0,53.0,25.0,20.0,50.0,,,27.0,53.0,25.0,26.0,50.0,,,0.0,0.0,0.0,0.0,0.0,,,322.0,758.0,72.0,241.0,113.0,,,238.0,502.0,36.0,171.0,61.0,,,1.35294117647059,1.50996015936255,2.0,1.4093567251462,1.85245901639344,,,0.617443146143259,0.861056074410845,1.14642300844222,0.610424294288365,1.22251197095394,,,4.0,12.0,6.0,4.0,7.0,,,0.0,2.0,6.0,0.0,0.0,,,0.0,0.0,0.0,0.0,0.0,,,1.0,1.0,1.0,1.0,1.0,,,0.0,1.0,1.0,0.0,0.0,,,0.0,0.0,0.0,0.0,0.0,,,5911.0,5911.0,3215.0,3215.0,285.0,285.0,5911.0,5911.0,3215.0,3215.0,1.856622378617768,1.856622378617768,3.971741516446252,3.971741516446252,326.0,326.0,285.0,285.0,236.0,236.0,5.0,5.0,2.0,2.0,1.0,1.0,460.0,460.0,10.0,10.0,46.0,46.0,10.182337649086296,10.182337649086296,266.0,266.0,236.0,236.0,236.0,236.0,194.0,194.0,224.0,224.0,0.0,0.0,5451.0,5451.0,3205.0,3205.0,1.70736619110465,1.70736619110465,2.6776969431784567,2.6776969431784567,243.0,243.0,204.0,204.0,0.0,0.0,5.0,5.0,2.0,2.0,1.0,1.0
P001,2025-11-15,236.0,549.0,111.0,99.0,117.0,,736.0,182.0,307.0,31.0,40.0,67.0,,413.0,0.0,0.0,46.0,0.0,27.0,,73.0,236.0,549.0,111.0,99.0,117.0,,736.0,182.0,307.0,31.0,40.0,67.0,,413.0,1.2967032967033,1.78827361563518,3.58064516129032,2.475,1.74626865671642,,1.78208232445521,0.6729912692579,3.18864293107323,7.98237305379124,1.72444714291797,3.28145978039749,,4.24275150269193,5.0,46.0,46.0,10.0,27.0,,73.0,0.0,0.0,46.0,0.0,27.0,,73.0,0.0,46.0,46.0,0.0,27.0,,73.0,1.0,1.0,1.0,1.0,1.0,,1.0,0.0,0.0,0.0,0.0,1.0,,1.0,0.0,0.0,0.0,0.0,0.0,,0.0,0.0,46.0,46.0,0.0,27.0,,73.0,0.0,1.0,1.0,0.0,1.0,,1.0,0.0,46.0,46.0,0.0,27.0,,73.0,,,,,,,,0.0,46.0,46.0,0.0,27.0,,73.0,0.0,46.0,46.0,0.0,27.0,,73.0,0.0,46.0,46.0,0.0,27.0,,73.0,0.0,46.0,46.0,0.0,27.0,,73.0,0.0,0.0,46.0,0.0,27.0,,73.0,0.0,0.0,0.0,0.0,0.0,,0.0,236.0,503.0,65.0,99.0,90.0,,663.0,182.0,306.0,30.0,40.0,66.0,,412.0,1.2967032967033,1.6437908496732,2.16666666666667,2.475,1.36363636363636,,1.60922330097087,0.6729912692579,1.9419216463861,1.3412123525798,1.72444714291797,0.986623825693751,,2.38205218903377,5.0,32.0,7.0,10.0,8.0,,47.0,0.0,0.0,7.0,0.0,0.0,,47.0,0.0,0.0,0.0,0.0,0.0,,0.0,1.0,1.0,1.0,1.0,1.0,,1.0,1.0,0.0,0.0,0.0,1.0,,1.0,0.0,0.0,0.0,0.0,0.0,,0.0,6460.0,6460.0,3522.0,3522.0,285.0,285.0,6460.0,6460.0,3522.0,3522.0,1.84523091812067,1.84523091812067,3.8412250855507484,3.8412250855507484,372.0,372.0,285.0,285.0,282.0,282.0,6.0,6.0,2.0,2.0,1.0,1.0,506.0,506.0,11.0,11.0,46.0,46.0,10.182337649086296,10.182337649086296,312.0,312.0,282.0,282.0,282.0,282.0,240.0,240.0,224.0,224.0,0.0,0.0,5954.0,5954.0,3511.0,3511.0,1.696770300866075,1.696770300866075,2.5550677270463975,2.5550677270463975,275.0,275.0,204.0,204.0,0.0,0.0,6.0,6.0,2.0,2.0,1.0,1.0
P001,2025-11-16,17.0,187.0,,91.0,,,,11.0,108.0,,53.0,,,,0.0,27.0,,0.0,,,,17.0,187.0,,91.0,,,,11.0,108.0,,53.0,,,,1.54545454545455,1.73148148148148,,1.71698113207547,,,,0.820199532264725,2.84689199766743,,1.59780328155885,,,,3.0,27.0,,12.0,,,,0.0,27.0,,0.0,,,,0.0,27.0,,0.0,,,,1.0,1.0,,1.0,,,,0.0,0.0,,0.0,,,,0.0,0.0,,0.0,,,,0.0,27.0,,0.0,,,,0.0,1.0,,0.0,,,,0.0,27.0,,0.0,,,,,,,,,,,0.0,27.0,,0.0,,,,0.0,27.0,,0.0,,,,0.0,27.0,,0.0,,,,0.0,27.0,,0.0,,,,0.0,0.0,,0.0,,,,0.0,0.0,,0.0,,,,17.0,160.0,,91.0,,,,11.0,107.0,,53.0,,,,1.54545454545455,1.49532710280374,,1.71698113207547,,,,0.820199532264725,1.44961824366683,,1.59780328155885,,,,3.0,15.0,,12.0,,,,0.0,1.0,,0.0,,,,0.0,0.0,,0.0,,,,1.0,1.0,,1.0,,,,0.0,0.0,,1.0,,,,0.0,0.0,,0.0,,,,6647.0,6647.0,3630.0,3630.0,312.0,312.0,6647.0,6647.0,3630.0,3630.0,1.8289809986007857,1.8289809986007857,3.699177501567417,3.699177501567417,399.0,399.0,312.0,312.0,309.0,309.0,7.0,7.0,2.0,2.0,1.0,1.0,533.0,533.0,12.0,12.0,43.285714285714285,43.285714285714285,10.182337649086296,10.182337649086296,339.0,339.0,309.0,309.0,309.0,309.0,267.0,267.0,224.0,224.0,0.0,0.0,6114.0,6114.0,3618.0,3618.0,1.6679927011428843,1.6679927011428843,2.397146372277888,2.397146372277888,290.0,290.0,205.0,205.0,0.0,0.0,7.0,7.0,2.0,2.0,1.0,1.0
