pid,date,f_call:phone_calls_rapids_missed_count:afternoon,f_call:phone_calls_rapids_missed_count:allday,f_call:phone_calls_rapids_missed_count:evening,f_call:phone_calls_rapids_missed_count:morning,f_call:phone_calls_rapids_missed_count:night,f_call:phone_calls_rapids_missed_count:wkdy,f_call:phone_calls_rapids_missed_count:wkend,f_call:phone_calls_rapids_missed_distinctcontacts:afternoon,f_call:phone_calls_rapids_missed_distinctcontacts:allday,f_call:phone_calls_rapids_missed_distinctcontacts:evening,f_call:phone_calls_rapids_missed_distinctcontacts:morning,f_call:phone_calls_rapids_missed_distinctcontacts:night,f_call:phone_calls_rapids_missed_distinctcontacts:wkdy,f_call:phone_calls_rapids_missed_distinctcontacts:wkend,f_call:phone_calls_rapids_missed_timefirstcall:afternoon,f_call:phone_calls_rapids_missed_timefirstcall:allday,f_call:phone_calls_rapids_missed_timefirstcall:evening,f_call:phone_calls_rapids_missed_timefirstcall:morning,f_call:phone_calls_rapids_missed_timefirstcall:night,f_call:phone_calls_rapids_missed_timefirstcall:wkdy,f_call:phone_calls_rapids_missed_timefirstcall:wkend,f_call:phone_calls_rapids_missed_timelastcall:afternoon,f_call:phone_calls_rapids_missed_timelastcall:allday,f_call:phone_calls_rapids_missed_timelastcall:evening,f_call:phone_calls_rapids_missed_timelastcall:morning,f_call:phone_calls_rapids_missed_timelastcall:night,f_call:phone_calls_rapids_missed_timelastcall:wkdy,f_call:phone_calls_rapids_missed_timelastcall:wkend,f_call:phone_calls_rapids_missed_countmostfrequentcontact:afternoon,f_call:phone_calls_rapids_missed_countmostfrequentcontact:allday,f_call:phone_calls_rapids_missed_countmostfrequentcontact:evening,f_call:phone_calls_rapids_missed_countmostfrequentcontact:morning,f_call:phone_calls_rapids_missed_countmostfrequentcontact:night,f_call:phone_calls_rapids_missed_countmostfrequentcontact:wkdy,f_call:phone_calls_rapids_missed_countmostfrequentcontact:wkend,f_call:phone_calls_rapids_incoming_count:afternoon,f_call:phone_calls_rapids_incoming_count:allday,f_call:phone_calls_rapids_incoming_count:evening,f_call:phone_calls_rapids_incoming_count:morning,f_call:phone_calls_rapids_incoming_count:night,f_call:phone_calls_rapids_incoming_count:wkdy,f_call:phone_calls_rapids_incoming_count:wkend,f_call:phone_calls_rapids_incoming_distinctcontacts:afternoon,f_call:phone_calls_rapids_incoming_distinctcontacts:allday,f_call:phone_calls_rapids_incoming_distinctcontacts:evening,f_call:phone_calls_rapids_incoming_distinctcontacts:morning,f_call:phone_calls_rapids_incoming_distinctcontacts:night,f_call:phone_calls_rapids_incoming_distinctcontacts:wkdy,f_call:phone_calls_rapids_incoming_distinctcontacts:wkend,f_call:phone_calls_rapids_incoming_meanduration:afternoon,f_call:phone_calls_rapids_incoming_meanduration:allday,f_call:phone_calls_rapids_incoming_meanduration:evening,f_call:phone_calls_rapids_incoming_meanduration:morning,f_call:phone_calls_rapids_incoming_meanduration:night,f_call:phone_calls_rapids_incoming_meanduration:wkdy,f_call:phone_calls_rapids_incoming_meanduration:wkend,f_call:phone_calls_rapids_incoming_sumduration:afternoon,f_call:phone_calls_rapids_incoming_sumduration:allday,f_call:phone_calls_rapids_incoming_sumduration:evening,f_call:phone_calls_rapids_incoming_sumduration:morning,f_call:phone_calls_rapids_incoming_sumduration:night,f_call:phone_calls_rapids_incoming_sumduration:wkdy,f_call:phone_calls_rapids_incoming_sumduration:wkend,f_call:phone_calls_rapids_incoming_minduration:afternoon,f_call:phone_calls_rapids_incoming_minduration:allday,f_call:phone_calls_rapids_incoming_minduration:evening,f_call:phone_calls_rapids_incoming_minduration:morning,f_call:phone_calls_rapids_incoming_minduration:night,f_call:phone_calls_rapids_incoming_minduration:wkdy,f_call:phone_calls_rapids_incoming_minduration:wkend,f_call:phone_calls_rapids_incoming_maxduration:afternoon,f_call:phone_calls_rapids_incoming_maxduration:allday,f_call:phone_calls_rapids_incoming_maxduration:evening,f_call:phone_calls_rapids_incoming_maxduration:morning,f_call:phone_calls_rapids_incoming_maxduration:night,f_call:phone_calls_rapids_incoming_maxduration:wkdy,f_call:phone_calls_rapids_incoming_maxduration:wkend,f_call:phone_calls_rapids_incoming_stdduration:afternoon,f_call:phone_calls_rapids_incoming_stdduration:allday,f_call:phone_calls_rapids_incoming_stdduration:evening,f_call:phone_calls_rapids_incoming_stdduration:morning,f_call:phone_calls_rapids_incoming_stdduration:night,f_call:phone_calls_rapids_incoming_stdduration:wkdy,f_call:phone_calls_rapids_incoming_stdduration:wkend,f_call:phone_calls_rapids_incoming_modeduration:afternoon,f_call:phone_calls_rapids_incoming_modeduration:allday,f_call:phone_calls_rapids_incoming_modeduration:evening,f_call:phone_calls_rapids_incoming_modeduration:morning,f_call:phone_calls_rapids_incoming_modeduration:night,f_call:phone_calls_rapids_incoming_modeduration:wkdy,f_call:phone_calls_rapids_incoming_modeduration:wkend,f_call:phone_calls_rapids_incoming_entropyduration:afternoon,f_call:phone_calls_rapids_incoming_entropyduration:allday,f_call:phone_calls_rapids_incoming_entropyduration:evening,f_call:phone_calls_rapids_incoming_entropyduration:morning,f_call:phone_calls_rapids_incoming_entropyduration:night,f_call:phone_calls_rapids_incoming_entropyduration:wkdy,f_call:phone_calls_rapids_incoming_entropyduration:wkend,f_call:phone_calls_rapids_incoming_timefirstcall:afternoon,f_call:phone_calls_rapids_incoming_timefirstcall:allday,f_call:phone_calls_rapids_incoming_timefirstcall:evening,f_call:phone_calls_rapids_incoming_timefirstcall:morning,f_call:phone_calls_rapids_incoming_timefirstcall:night,f_call:phone_calls_rapids_incoming_timefirstcall:wkdy,f_call:phone_calls_rapids_incoming_timefirstcall:wkend,f_call:phone_calls_rapids_incoming_timelastcall:afternoon,f_call:phone_calls_rapids_incoming_timelastcall:allday,f_call:phone_calls_rapids_incoming_timelastcall:evening,f_call:phone_calls_rapids_incoming_timelastcall:morning,f_call:phone_calls_rapids_incoming_timelastcall:night,f_call:phone_calls_rapids_incoming_timelastcall:wkdy,f_call:phone_calls_rapids_incoming_timelastcall:wkend,f_call:phone_calls_rapids_incoming_countmostfrequentcontact:afternoon,f_call:phone_calls_rapids_incoming_countmostfrequentcontact:allday,f_call:phone_calls_rapids_incoming_countmostfrequentcontact:evening,f_call:phone_calls_rapids_incoming_countmostfrequentcontact:morning,f_call:phone_calls_rapids_incoming_countmostfrequentcontact:night,f_call:phone_calls_rapids_incoming_countmostfrequentcontact:wkdy,f_call:phone_calls_rapids_incoming_countmostfrequentcontact:wkend,f_call:phone_calls_rapids_outgoing_count:afternoon,f_call:phone_calls_rapids_outgoing_count:allday,f_call:phone_calls_rapids_outgoing_count:evening,f_call:phone_calls_rapids_outgoing_count:morning,f_call:phone_calls_rapids_outgoing_count:night,f_call:phone_calls_rapids_outgoing_count:wkdy,f_call:phone_calls_rapids_outgoing_count:wkend,f_call:phone_calls_rapids_outgoing_distinctcontacts:afternoon,f_call:phone_calls_rapids_outgoing_distinctcontacts:allday,f_call:phone_calls_rapids_outgoing_distinctcontacts:evening,f_call:phone_calls_rapids_outgoing_distinctcontacts:morning,f_call:phone_calls_rapids_outgoing_distinctcontacts:night,f_call:phone_calls_rapids_outgoing_distinctcontacts:wkdy,f_call:phone_calls_rapids_outgoing_distinctcontacts:wkend,f_call:phone_calls_rapids_outgoing_meanduration:afternoon,f_call:phone_calls_rapids_outgoing_meanduration:allday,f_call:phone_calls_rapids_outgoing_meanduration:evening,f_call:phone_calls_rapids_outgoing_meanduration:morning,f_call:phone_calls_rapids_outgoing_meanduration:night,f_call:phone_calls_rapids_outgoing_meanduration:wkdy,f_call:phone_calls_rapids_outgoing_meanduration:wkend,f_call:phone_calls_rapids_outgoing_sumduration:afternoon,f_call:phone_calls_rapids_outgoing_sumduration:allday,f_call:phone_calls_rapids_outgoing_sumduration:evening,f_call:phone_calls_rapids_outgoing_sumduration:morning,f_call:phone_calls_rapids_outgoing_sumduration:night,f_call:phone_calls_rapids_outgoing_sumduration:wkdy,f_call:phone_calls_rapids_outgoing_sumduration:wkend,f_call:phone_calls_rapids_outgoing_minduration:afternoon,f_call:phone_calls_rapids_outgoing_minduration:allday,f_call:phone_calls_rapids_outgoing_minduration:evening,f_call:phone_calls_rapids_outgoing_minduration:morning,f_call:phone_calls_rapids_outgoing_minduration:night,f_call:phone_calls_rapids_outgoing_minduration:wkdy,f_call:phone_calls_rapids_outgoing_minduration:wkend,f_call:phone_calls_rapids_outgoing_maxduration:afternoon,f_call:phone_calls_rapids_outgoing_maxduration:allday,f_call:phone_calls_rapids_outgoing_maxduration:evening,f_call:phone_calls_rapids_outgoing_maxduration:morning,f_call:phone_calls_rapids_outgoing_maxduration:night,f_call:phone_calls_rapids_outgoing_maxduration:wkdy,f_call:phone_calls_rapids_outgoing_maxduration:wkend,f_call:phone_calls_rapids_outgoing_stdduration:afternoon,f_call:phone_calls_rapids_outgoing_stdduration:allday,f_call:phone_calls_rapids_outgoing_stdduration:evening,f_call:phone_calls_rapids_outgoing_stdduration:morning,f_call:phone_calls_rapids_outgoing_stdduration:night,f_call:phone_calls_rapids_outgoing_stdduration:wkdy,f_call:phone_calls_rapids_outgoing_stdduration:wkend,f_call:phone_calls_rapids_outgoing_modeduration:afternoon,f_call:phone_calls_rapids_outgoing_modeduration:allday,f_call:phone_calls_rapids_outgoing_modeduration:evening,f_call:phone_calls_rapids_outgoing_modeduration:morning,f_call:phone_calls_rapids_outgoing_modeduration:night,f_call:phone_calls_rapids_outgoing_modeduration:wkdy,f_call:phone_calls_rapids_outgoing_modeduration:wkend,f_call:phone_calls_rapids_outgoing_entropyduration:afternoon,f_call:phone_calls_rapids_outgoing_entropyduration:allday,f_call:phone_calls_rapids_outgoing_entropyduration:evening,f_call:phone_calls_rapids_outgoing_entropyduration:morning,f_call:phone_calls_rapids_outgoing_entropyduration:night,f_call:phone_calls_rapids_outgoing_entropyduration:wkdy,f_call:phone_calls_rapids_outgoing_entropyduration:wkend,f_call:phone_calls_rapids_outgoing_timefirstcall:afternoon,f_call:phone_calls_rapids_outgoing_timefirstcall:allday,f_call:phone_calls_rapids_outgoing_timefirstcall:evening,f_call:phone_calls_rapids_outgoing_timefirstcall:morning,f_call:phone_calls_rapids_outgoing_timefirstcall:night,f_call:phone_calls_rapids_outgoing_timefirstcall:wkdy,f_call:phone_calls_rapids_outgoing_timefirstcall:wkend,f_call:phone_calls_rapids_outgoing_timelastcall:afternoon,f_call:phone_calls_rapids_outgoing_timelastcall:allday,f_call:phone_calls_rapids_outgoing_timelastcall:evening,f_call:phone_calls_rapids_outgoing_timelastcall:morning,f_call:phone_calls_rapids_outgoing_timelastcall:night,f_call:phone_calls_rapids_outgoing_timelastcall:wkdy,f_call:phone_calls_rapids_outgoing_timelastcall:wkend,f_call:phone_calls_rapids_outgoing_countmostfrequentcontact:afternoon,f_call:phone_calls_rapids_outgoing_countmostfrequentcontact:allday,f_call:phone_calls_rapids_outgoing_countmostfrequentcontact:evening,f_call:phone_calls_rapids_outgoing_countmostfrequentcontact:morning,f_call:phone_calls_rapids_outgoing_countmostfrequentcontact:night,f_call:phone_calls_rapids_outgoing_countmostfrequentcontact:wkdy,f_call:phone_calls_rapids_outgoing_countmostfrequentcontact:wkend,f_call:phone_calls_rapids_missed_count:7dhist,f_call:phone_calls_rapids_missed_count:14dhist,f_call:phone_calls_rapids_missed_distinctcontacts:7dhist,f_call:phone_calls_rapids_missed_distinctcontacts:14dhist,f_call:phone_calls_rapids_missed_timefirstcall:7dhist,f_call:phone_calls_rapids_missed_timefirstcall:14dhist,f_call:phone_calls_rapids_missed_timelastcall:7dhist,f_call:phone_calls_rapids_missed_timelastcall:14dhist,f_call:phone_calls_rapids_missed_countmostfrequentcontact:7dhist,f_call:phone_calls_rapids_missed_countmostfrequentcontact:14dhist,f_call:phone_calls_rapids_incoming_count:7dhist,f_call:phone_calls_rapids_incoming_count:14dhist,f_call:phone_calls_rapids_incoming_distinctcontacts:7dhist,f_call:phone_calls_rapids_incoming_distinctcontacts:14dhist,f_call:phone_calls_rapids_incoming_meanduration:7dhist,f_call:phone_calls_rapids_incoming_meanduration:14dhist,f_call:phone_calls_rapids_incoming_sumduration:7dhist,f_call:phone_calls_rapids_incoming_sumduration:14dhist,f_call:phone_calls_rapids_incoming_minduration:7dhist,f_call:phone_calls_rapids_incoming_minduration:14dhist,f_call:phone_calls_rapids_incoming_maxduration:7dhist,f_call:phone_calls_rapids_incoming_maxduration:14dhist,f_call:phone_calls_rapids_incoming_stdduration:7dhist,f_call:phone_calls_rapids_incoming_stdduration:14dhist,f_call:phone_calls_rapids_incoming_modeduration:7dhist,f_call:phone_calls_rapids_incoming_modeduration:14dhist,f_call:phone_calls_rapids_incoming_entropyduration:7dhist,f_call:phone_calls_rapids_incoming_entropyduration:14dhist,f_call:phone_calls_rapids_incoming_timefirstcall:7dhist,f_call:phone_calls_rapids_incoming_timefirstcall:14dhist,f_call:phone_calls_rapids_incoming_timelastcall:7dhist,f_call:phone_calls_rapids_incoming_timelastcall:14dhist,f_call:phone_calls_rapids_incoming_countmostfrequentcontact:7dhist,f_call:phone_calls_rapids_incoming_countmostfrequentcontact:14dhist,f_call:phone_calls_rapids_outgoing_count:7dhist,f_call:phone_calls_rapids_outgoing_count:14dhist,f_call:phone_calls_rapids_outgoing_distinctcontacts:7dhist,f_call:phone_calls_rapids_outgoing_distinctcontacts:14dhist,f_call:phone_calls_rapids_outgoing_meanduration:7dhist,f_call:phone_calls_rapids_outgoing_meanduration:14dhist,f_call:phone_calls_rapids_outgoing_sumduration:7dhist,f_call:phone_calls_rapids_outgoing_sumduration:14dhist,f_call:phone_calls_rapids_outgoing_minduration:7dhist,f_call:phone_calls_rapids_outgoing_minduration:14dhist,f_call:phone_calls_rapids_outgoing_maxduration:7dhist,f_call:phone_calls_rapids_outgoing_maxduration:14dhist,f_call:phone_calls_rapids_outgoing_stdduration:7dhist,f_call:phone_calls_rapids_outgoing_stdduration:14dhist,f_call:phone_calls_rapids_outgoing_modeduration:7dhist,f_call:phone_calls_rapids_outgoing_modeduration:14dhist,f_call:phone_calls_rapids_outgoing_entropyduration:7dhist,f_call:phone_calls_rapids_outgoing_entropyduration:14dhist,f_call:phone_calls_rapids_outgoing_timefirstcall:7dhist,f_call:phone_calls_rapids_outgoing_timefirstcall:14dhist,f_call:phone_calls_rapids_outgoing_timelastcall:7dhist,f_call:phone_calls_rapids_outgoing_timelastcall:14dhist,f_call:phone_calls_rapids_outgoing_countmostfrequentcontact:7dhist,f_call:phone_calls_rapids_outgoing_countmostfrequentcontact:14dhist
P001,2025-10-13,0.0,2.0,2.0,,,2.0,,0.0,1.0,1.0,,,1.0,,,1094.0,1094.0,,,1094.0,,,1169.0,1169.0,,,1169.0,,0.0,2.0,2.0,,,2.0,,0.0,0.0,0.0,,,0.0,,0.0,0.0,0.0,,,0.0,,0.0,0.0,0.0,,,0.0,,0.0,0.0,0.0,,,0.0,,0.0,0.0,0.0,,,0.0,,0.0,0.0,0.0,,,0.0,,,,,,,,,0.0,0.0,0.0,,,0.0,,,,,,,,,,,,,,,,,,,,,,,0.0,0.0,0.0,,,0.0,,4.0,4.0,0.0,,,7.0,,1.0,1.0,0.0,,,2.0,,5.5,5.5,0.0,,,11.2857142857143,,22.0,22.0,0.0,,,79.0,,0.0,0.0,0.0,,,0.0,,21.0,21.0,0.0,,,43.0,,10.3440804327886,10.3440804327886,,,,16.0594134981562,,0.0,0.0,0.0,,,0.0,,0.207634671895048,0.207634671895048,,,,1.14322316480131,,726.0,726.0,,,,726.0,,939.0,939.0,,,,1075.0,,4.0,4.0,0.0,,,6.0,,2.0,2.0,1.0,1.0,1094.0,1094.0,1169.0,1169.0,2.0,2.0,0.0,0.0,0.0,0.0,0.0,0.0,0.0,0.0,0.0,0.0,0.0,0.0,,,0.0,0.0,,,,,,,0.0,0.0,4.0,4.0,1.0,1.0,5.5,5.5,22.0,22.0,0.0,0.0,21.0,21.0,10.3440804327886,10.3440804327886,0.0,0.0,0.207634671895048,0.207634671895048,726.0,726.0,939.0,939.0,4.0,4.0
P001,2025-10-14,0.0,0.0,,,,,,0.0,0.0,,,,,,,,,,,,,,,,,,,,0.0,0.0,,,,,,0.0,0.0,,,,,,0.0,0.0,,,,,,0.0,0.0,,,,,,0.0,0.0,,,,,,0.0,0.0,,,,,,0.0,0.0,,,,,,,,,,,,,0.0,0.0,,,,,,,,,,,,,,,,,,,,,,,,,,,0.0,0.0,,,,,,1.0,1.0,,,,,,1.0,1.0,,,,,,2.0,2.0,,,,,,2.0,2.0,,,,,,2.0,2.0,,,,,,2.0,2.0,,,,,,,,,,,,,2.0,2.0,,,,,,0.0,0.0,,,,,,725.0,725.0,,,,,,725.0,725.0,,,,,,0.0,1.0,,,,,,2.0,2.0,1.0,1.0,1094.0,1094.0,1169.0,1169.0,2.0,2.0,0.0,0.0,0.0,0.0,0.0,0.0,0.0,0.0,0.0,0.0,0.0,0.0,,,0.0,0.0,,,,,,,0.0,0.0,5.0,5.0,2.0,2.0,3.75,3.75,12.0,12.0,1.0,1.0,11.5,11.5,10.3440804327886,10.3440804327886,1.0,1.0,0.103817335947524,0.103817335947524,725.5,725.5,832.0,832.0,5.0,5.0
P001,2025-10-15,,,,,,,,,,,,,,,,,,,,,,,,,,,,,,,,,,,,,,,,,,,,,,,,,,,,,,,,,,,,,,,,,,,,,,,,,,,,,,,,,,,,,,,,,,,,,,,,,,,,,,,,,,,,,,,,,,,,,,,,,,,,,,,,,,,,,,,,,,,,,,,,,,,,,,,,,,,,,,,,,,,,,,,,,,,,,,,,,,,,,,,,,,,,,,,,,,,,,,,,,,,,2.0,2.0,1.0,1.0,1094.0,1094.0,1169.0,1169.0,2.0,2.0,0.0,0.0,0.0,0.0,0.0,0.0,0.0,0.0,0.0,0.0,0.0,0.0,,,0.0,0.0,,,,,,,0.0,0.0,5.0,5.0,2.0,2.0,3.75,3.75,12.0,12.0,1.0,1.0,11.5,11.5,10.3440804327886,10.3440804327886,1.0,1.0,0.103817335947524,0.103817335947524,725.5,725.5,832.0,832.0,5.0,5.0
P001,2025-10-16,,0.0,0.0,,,,,,0.0,0.0,,,,,,,,,,,,,,,,,,,,0.0,0.0,,,,,,0.0,0.0,,,,,,0.0,0.0,,,,,,0.0,0.0,,,,,,0.0,0.0,,,,,,0.0,0.0,,,,,,0.0,0.0,,,,,,,,,,,,,0.0,0.0,,,,,,,,,,,,,,,,,,,,,,,,,,,0.0,0.0,,,,,,1.0,1.0,,,,,,1.0,1.0,,,,,,43.0,43.0,,,,,,43.0,43.0,,,,,,43.0,43.0,,,,,,43.0,43.0,,,,,,,,,,,,,43.0,43.0,,,,,,0.0,0.0,,,,,,1130.0,1130.0,,,,,,1130.0,1130.0,,,,,,0.0,1.0,,,,,2.0,2.0,1.0,1.0,1094.0,1094.0,1169.0,1169.0,2.0,2.0,0.0,0.0,0.0,0.0,0.0,0.0,0.0,0.0,0.0,0.0,0.0,0.0,,,0.0,0.0,,,,,,,0.0,0.0,6.0,6.0,3.0,3.0,16.833333333333332,16.833333333333332,22.33333333333333,22.33333333333333,15.0,15.0,22.0,22.0,10.3440804327886,10.3440804327886,15.0,15.0,0.0692115572983493,0.0692115572983493,860.3333333333334,860.3333333333334,931.3333333333334,931.3333333333334,5.0,5.0
P001,2025-10-17,,0.0,0.0,,,,,,0.0,0.0,,,,,,,,,,,,,,,,,,,,0.0,0.0,,,,,,0.0,0.0,,,,,,0.0,0.0,,,,,,0.0,0.0,,,,,,0.0,0.0,,,,,,0.0,0.0,,,,,,0.0,0.0,,,,,,,,,,,,,0.0,0.0,,,,,,,,,,,,,,,,,,,,,,,,,,,0.0,0.0,,,,,,1.0,1.0,,,,,,1.0,1.0,,,,,,12.0,12.0,,,,,,12.0,12.0,,,,,,12.0,12.0,,,,,,12.0,12.0,,,,,,,,,,,,,12.0,12.0,,,,,,0.0,0.0,,,,,,1075.0,1075.0,,,,,,1075.0,1075.0,,,,,,1.0,1.0,,,,,2.0,2.0,1.0,1.0,1094.0,1094.0,1169.0,1169.0,2.0,2.0,0.0,0.0,0.0,0.0,0.0,0.0,0.0,0.0,0.0,0.0,0.0,0.0,,,0.0,0.0,,,,,,,0.0,0.0,7.0,7.0,4.0,4.0,15.625,15.625,19.75,19.75,14.25,14.25,19.5,19.5,10.3440804327886,10.3440804327886,14.25,14.25,0.051908667973762,0.051908667973762,914.0,914.0,967.25,967.25,6.0,6.0
P001,2025-10-18,,,,,,,,,,,,,,,,,,,,,,,,,,,,,,,,,,,,,,,,,,,,,,,,,,,,,,,,,,,,,,,,,,,,,,,,,,,,,,,,,,,,,,,,,,,,,,,,,,,,,,,,,,,,,,,,,,,,,,,,,,,,,,,,,,,,,,,,,,,,,,,,,,,,,,,,,,,,,,,,,,,,,,,,,,,,,,,,,,,,,,,,,,,,,,,,,,,,,,,,,,,,2.0,2.0,1.0,1.0,1094.0,1094.0,1169.0,1169.0,2.0,2.0,0.0,0.0,0.0,0.0,0.0,0.0,0.0,0.0,0.0,0.0,0.0,0.0,,,0.0,0.0,,,,,,,0.0,0.0,7.0,7.0,4.0,4.0,15.625,15.625,19.75,19.75,14.25,14.25,19.5,19.5,10.3440804327886,10.3440804327886,14.25,14.25,0.051908667973762,0.051908667973762,914.0,914.0,967.25,967.25,6.0,6.0
P001,2025-10-19,,,,,,,,,,,,,,,,,,,,,,,,,,,,,,,,,,,,,,,,,,,,,,,,,,,,,,,,,,,,,,,,,,,,,,,,,,,,,,,,,,,,,,,,,,,,,,,,,,,,,,,,,,,,,,,,,,,,,,,,,,,,,,,,,,,,,,,,,,,,,,,,,,,,,,,,,,,,,,,,,,,,,,,,,,,,,,,,,,,,,,,,,,,,,,,,,,,,,,,,,,,,2.0,2.0,1.0,1.0,1094.0,1094.0,1169.0,1169.0,2.0,2.0,0.0,0.0,0.0,0.0,0.0,0.0,0.0,0.0,0.0,0.0,0.0,0.0,,,0.0,0.0,,,,,,,0.0,0.0,7.0,7.0,4.0,4.0,15.625,15.625,19.75,19.75,14.25,14.25,19.5,19.5,10.3440804327886,10.3440804327886,14.25,14.25,0.051908667973762,0.051908667973762,914.0,914.0,967.25,967.25,6.0,6.0
P001,2025-10-20,,0.0,0.0,,,1.0,,,0.0,0.0,,,1.0,,,,,,,947.0,,,,,,,947.0,,,0.0,0.0,,,1.0,,,1.0,1.0,,,1.0,,,1.0,1.0,,,1.0,,,9.0,9.0,,,9.0,,,9.0,9.0,,,9.0,,,9.0,9.0,,,9.0,,,9.0,9.0,,,9.0,,,,,,,,,,9.0,9.0,,,9.0,,,0.0,0.0,,,0.0,,,1162.0,1162.0,,,1162.0,,,1162.0,1162.0,,,1162.0,,,1.0,1.0,,,1.0,,,0.0,0.0,,,8.0,,,0.0,0.0,,,3.0,,,0.0,0.0,,,127.5,,,0.0,0.0,,,1020.0,,,0.0,0.0,,,1.0,,,0.0,0.0,,,396.0,,,,,,,148.625127658241,,,0.0,0.0,,,2.0,,,,,,,1.39489960838914,,,,,,,1032.0,,,,,,,793.0,,,0.0,0.0,,,5.0,,0.0,0.0,0.0,0.0,,1094.0,,1169.0,0.0,0.0,1.0,1.0,1.0,1.0,9.0,9.0,9.0,9.0,9.0,9.0,9.0,9.0,,,9.0,9.0,0.0,0.0,1162.0,1162.0,1162.0,1162.0,1.0,1.0,0.0,0.0,0.0,0.0,0.0,0.0,0.0,0.0,0.0,0.0,0.0,0.0,,10.3440804327886,0.0,0.0,0.0,0.051908667973762,976.6666666666666,914.0,976.6666666666666,967.25,0.0,0.0
P001,2025-10-21,,,,,,,,,,,,,,,,,,,,,,,,,,,,,,,,,,,,,,,,,,,,,,,,,,,,,,,,,,,,,,,,,,,,,,,,,,,,,,,,,,,,,,,,,,,,,,,,,,,,,,,,,,,,,,,,,,,,,,,,,,,,,,,,,,,,,,,,,,,,,,,,,,,,,,,,,,,,,,,,,,,,,,,,,,,,,,,,,,,,,,,,,,,,,,,,,,,,,,,,,,,,0.0,0.0,0.0,0.0,,,,,0.0,0.0,1.0,1.0,1.0,1.0,9.0,9.0,9.0,9.0,9.0,9.0,9.0,9.0,,,9.0,9.0,0.0,0.0,1162.0,1162.0,1162.0,1162.0,1.0,1.0,0.0,0.0,0.0,0.0,0.0,0.0,0.0,0.0,0.0,0.0,0.0,0.0,,,0.0,0.0,,,,,,,0.0,0.0
P001,2025-10-22,,,,,,,,,,,,,,,,,,,,,,,,,,,,,,,,,,,,,,,,,,,,,,,,,,,,,,,,,,,,,,,,,,,,,,,,,,,,,,,,,,,,,,,,,,,,,,,,,,,,,,,,,,,,,,,,,,,,,,,,,,,,,,,,,,,,,,,,,,,,,,,,,,,,,,,,,,,,,,,,,,,,,,,,,,,,,,,,,,,,,,,,,,,,,,,,,,,,,,,,,,,,0.0,0.0,0.0,0.0,,,,,0.0,0.0,1.0,1.0,1.0,1.0,9.0,9.0,9.0,9.0,9.0,9.0,9.0,9.0,,,9.0,9.0,0.0,0.0,1162.0,1162.0,1162.0,1162.0,1.0,1.0,0.0,0.0,0.0,0.0,0.0,0.0,0.0,0.0,0.0,0.0,0.0,0.0,,,0.0,0.0,,,,,,,0.0,0.0
P001,2025-10-23,1.0,1.0,0.0,,0.0,,,1.0,1.0,0.0,,0.0,,,947.0,947.0,,,,,,947.0,947.0,,,,,,1.0,1.0,0.0,,0.0,,,0.0,0.0,0.0,,0.0,,,0.0,0.0,0.0,,0.0,,,0.0,0.0,0.0,,0.0,,,0.0,0.0,0.0,,0.0,,,0.0,0.0,0.0,,0.0,,,0.0,0.0,0.0,,0.0,,,,,,,,,,0.0,0.0,0.0,,0.0,,,,,,,,,,,,,,,,,,,,,,,,0.0,0.0,0.0,,0.0,,,0.0,4.0,3.0,,1.0,,,0.0,2.0,2.0,,1.0,,,0.0,153.5,122.333333333333,,247.0,,,0.0,614.0,367.0,,247.0,,,0.0,2.0,2.0,,247.0,,,0.0,247.0,192.0,,247.0,,,,105.762312128029,104.643840398436,,,,,0.0,192.0,192.0,,247.0,,,,1.10783894966884,0.724585685551656,,0.0,,,,1032.0,1032.0,,1361.0,,,,1361.0,1041.0,,1361.0,,,0.0,2.0,2.0,,1.0,,,1.0,1.0,1.0,1.0,947.0,947.0,947.0,947.0,1.0,1.0,0.5,0.5,0.5,0.5,4.5,4.5,4.5,4.5,4.5,4.5,4.5,4.5,,,4.5,4.5,0.0,0.0,1162.0,1162.0,1162.0,1162.0,0.5,0.5,4.0,4.0,2.0,2.0,76.75,76.75,307.0,307.0,1.0,1.0,123.5,123.5,105.762312128029,105.762312128029,96.0,96.0,1.10783894966884,1.10783894966884,1032.0,1032.0,1361.0,1361.0,2.0,2.0
P001,2025-10-24,0.0,0.0,,,,,,0.0,0.0,,,,,,,,,,,,,,,,,,,,0.0,0.0,,,,,,0.0,0.0,,,,,,0.0,0.0,,,,,,0.0,0.0,,,,,,0.0,0.0,,,,,,0.0,0.0,,,,,,0.0,0.0,,,,,,,,,,,,,0.0,0.0,,,,,,,,,,,,,,,,,,,,,,,,,,,0.0,0.0,,,,,,4.0,4.0,,,,,,2.0,2.0,,,,,,101.5,101.5,,,,,,406.0,406.0,,,,,,1.0,1.0,,,,,,396.0,396.0,,,,,,196.350876409215,196.350876409215,,,,,,396.0,396.0,,,,,,0.138994309697099,0.138994309697099,,,,,,785.0,785.0,,,,,,793.0,793.0,,,,,,3.0,3.0,,,,,,1.0,1.0,1.0,1.0,947.0,947.0,947.0,947.0,1.0,1.0,0.3333333333333333,0.3333333333333333,0.3333333333333333,0.3333333333333333,3.0,3.0,3.0,3.0,3.0,3.0,3.0,3.0,,,3.0,3.0,0.0,0.0,1162.0,1162.0,1162.0,1162.0,0.3333333333333333,0.3333333333333333,8.0,8.0,4.0,4.0,85.0,85.0,340.0,340.0,1.0,1.0,214.3333333333333,214.3333333333333,151.056594268622,151.056594268622,196.0,196.0,0.6234166296829694,0.6234166296829694,908.5,908.5,1077.0,1077.0,5.0,5.0
P001,2025-10-25,,,,,,,,,,,,,,,,,,,,,,,,,,,,,,,,,,,,,,,,,,,,,,,,,,,,,,,,,,,,,,,,,,,,,,,,,,,,,,,,,,,,,,,,,,,,,,,,,,,,,,,,,,,,,,,,,,,,,,,,,,,,,,,,,,,,,,,,,,,,,,,,,,,,,,,,,,,,,,,,,,,,,,,,,,,,,,,,,,,,,,,,,,,,,,,,,,,,,,,,,,,,1.0,1.0,1.0,1.0,947.0,947.0,947.0,947.0,1.0,1.0,0.3333333333333333,0.3333333333333333,0.3333333333333333,0.3333333333333333,3.0,3.0,3.0,3.0,3.0,3.0,3.0,3.0,,,3.0,3.0,0.0,0.0,1162.0,1162.0,1162.0,1162.0,0.3333333333333333,0.3333333333333333,8.0,8.0,4.0,4.0,85.0,85.0,340.0,340.0,1.0,1.0,214.3333333333333,214.3333333333333,151.056594268622,151.056594268622,196.0,196.0,0.6234166296829694,0.6234166296829694,908.5,908.5,1077.0,1077.0,5.0,5.0
P001,2025-10-26,,,,,,,,,,,,,,,,,,,,,,,,,,,,,,,,,,,,,,,,,,,,,,,,,,,,,,,,,,,,,,,,,,,,,,,,,,,,,,,,,,,,,,,,,,,,,,,,,,,,,,,,,,,,,,,,,,,,,,,,,,,,,,,,,,,,,,,,,,,,,,,,,,,,,,,,,,,,,,,,,,,,,,,,,,,,,,,,,,,,,,,,,,,,,,,,,,,,,,,,,,,,1.0,1.0,1.0,1.0,947.0,947.0,947.0,947.0,1.0,1.0,0.3333333333333333,0.3333333333333333,0.3333333333333333,0.3333333333333333,3.0,3.0,3.0,3.0,3.0,3.0,3.0,3.0,,,3.0,3.0,0.0,0.0,1162.0,1162.0,1162.0,1162.0,0.3333333333333333,0.3333333333333333,8.0,8.0,4.0,4.0,85.0,85.0,340.0,340.0,1.0,1.0,214.3333333333333,214.3333333333333,151.056594268622,151.056594268622,196.0,196.0,0.6234166296829694,0.6234166296829694,908.5,908.5,1077.0,1077.0,5.0,5.0
P001,2025-10-27,,,,,,,,,,,,,,,,,,,,,,,,,,,,,,,,,,,,,,,,,,,,,,,,,,,,,,,,,,,,,,,,,,,,,,,,,,,,,,,,,,,,,,,,,,,,,,,,,,,,,,,,,,,,,,,,,,,,,,,,,,,,,,,,,,,,,,,,,,,,,,,,,,,,,,,,,,,,,,,,,,,,,,,,,,,,,,,,,,,,,,,,,,,,,,,,,,,,,,,,,,,,0.0,0.0,0.0,0.0,947.0,947.0,947.0,947.0,0.0,0.0,0.0,0.3333333333333333,0.0,0.3333333333333333,0.0,3.0,0.0,3.0,0.0,3.0,0.0,3.0,,,0.0,3.0,,0.0,,1162.0,,1162.0,0.0,0.3333333333333333,0.0,0.0,0.0,0.0,127.5,85.0,510.0,340.0,1.5,1.0,321.5,214.3333333333333,151.056594268622,151.056594268622,294.0,196.0,0.6234166296829694,0.6234166296829694,908.5,908.5,1077.0,1077.0,0.0,0.0
P001,2025-10-28,0.0,0.0,0.0,,,,,0.0,0.0,0.0,,,,,,,,,,,,,,,,,,,0.0,0.0,0.0,,,,,0.0,4.0,4.0,,,,,0.0,2.0,2.0,,,,,0.0,23.25,23.25,,,,,0.0,93.0,93.0,,,,,0.0,9.0,9.0,,,,,0.0,57.0,57.0,,,,,,22.8965062837106,22.8965062837106,,,,,0.0,9.0,9.0,,,,,,1.08603329637097,1.08603329637097,,,,,,1050.0,1050.0,,,,,,1115.0,1115.0,,,,,0.0,3.0,3.0,,,,,2.0,3.0,1.0,,,,,2.0,2.0,1.0,,,,,4.0,3.33333333333333,2.0,,,,,8.0,10.0,2.0,,,,,0.0,0.0,2.0,,,,,8.0,8.0,2.0,,,,,5.65685424949238,4.16333199893227,,,,,,0.0,0.0,2.0,,,,,0.0,0.550402423538188,0.0,,,,,995.0,995.0,1088.0,,,,,995.0,1088.0,1088.0,,,,,1.0,2.0,1.0,,,,,0.0,0.0,0.0,0.0,,,,,0.0,0.0,4.0,4.0,2.0,2.0,23.25,23.25,93.0,93.0,9.0,9.0,57.0,57.0,22.8965062837106,22.8965062837106,9.0,9.0,1.08603329637097,1.08603329637097,1050.0,1050.0,1115.0,1115.0,3.0,3.0,3.0,3.0,2.0,2.0,3.33333333333333,3.33333333333333,10.0,10.0,0.0,0.0,8.0,8.0,4.16333199893227,4.16333199893227,0.0,0.0,0.550402423538188,0.550402423538188,995.0,995.0,1088.0,1088.0,2.0,2.0
P001,2025-10-29,,0.0,0.0,,,,,,0.0,0.0,,,,,,,,,,,,,,,,,,,,0.0,0.0,,,,,,1.0,1.0,,,,,,1.0,1.0,,,,,,4.0,4.0,,,,,,4.0,4.0,,,,,,4.0,4.0,,,,,,4.0,4.0,,,,,,,,,,,,,4.0,4.0,,,,,,0.0,0.0,,,,,,1222.0,1222.0,,,,,,1222.0,1222.0,,,,,,1.0,0.0,,,,,,0.0,0.0,,,,,,0.0,0.0,,,,,,0.0,0.0,,,,,,0.0,0.0,,,,,,0.0,0.0,,,,,,0.0,0.0,,,,,,,,,,,,,0.0,0.0,,,,,,,,,,,,,,,,,,,,,,,,,,,0.0,0.0,,,,,0.0,0.0,0.0,0.0,,,,,0.0,0.0,2.5,2.5,1.5,1.5,13.625,13.625,48.5,48.5,6.5,6.5,30.5,30.5,22.8965062837106,22.8965062837106,6.5,6.5,0.543016648185485,0.543016648185485,1136.0,1136.0,1168.5,1168.5,2.0,2.0,3.0,3.0,2.0,2.0,1.666666666666665,1.666666666666665,5.0,5.0,0.0,0.0,4.0,4.0,4.16333199893227,4.16333199893227,0.0,0.0,0.550402423538188,0.550402423538188,995.0,995.0,1088.0,1088.0,2.0,2.0
P001,2025-10-30,,0.0,0.0,,,,,,0.0,0.0,,,,,,,,,,,,,,,,,,,,0.0,0.0,,,,,,2.0,2.0,,,,,,1.0,1.0,,,,,,15.0,15.0,,,,,,30.0,30.0,,,,,,11.0,11.0,,,,,,19.0,19.0,,,,,,5.65685424949238,5.65685424949238,,,,,,11.0,11.0,,,,,,0.673824428164007,0.673824428164007,,,,,,1100.0,1100.0,,,,,,1122.0,1122.0,,,,,,0.0,0.0,,,,,,0.0,0.0,,,,,,0.0,0.0,,,,,,0.0,0.0,,,,,,0.0,0.0,,,,,,0.0,0.0,,,,,,0.0,0.0,,,,,,,,,,,,,0.0,0.0,,,,,,,,,,,,,,,,,,,,,,,,,,,0.0,0.0,,,,,0.0,0.0,0.0,0.0,,,,,0.0,0.0,2.333333333333333,2.333333333333333,1.3333333333333333,1.3333333333333333,14.083333333333334,14.083333333333334,42.333333333333336,42.333333333333336,8.0,8.0,26.666666666666668,26.666666666666668,14.27668026660149,14.27668026660149,8.0,8.0,0.586619241511659,0.586619241511659,1124.0,1124.0,1153.0,1153.0,1.3333333333333333,1.3333333333333333,3.0,3.0,2.0,2.0,1.11111111111111,1.11111111111111,3.333333333333333,3.333333333333333,0.0,0.0,2.6666666666666665,2.6666666666666665,4.16333199893227,4.16333199893227,0.0,0.0,0.550402423538188,0.550402423538188,995.0,995.0,1088.0,1088.0,2.0,2.0
P001,2025-10-31,,,,,,,,,,,,,,,,,,,,,,,,,,,,,,,,,,,,,,,,,,,,,,,,,,,,,,,,,,,,,,,,,,,,,,,,,,,,,,,,,,,,,,,,,,,,,,,,,,,,,,,,,,,,,,,,,,,,,,,,,,,,,,,,,,,,,,,,,,,,,,,,,,,,,,,,,,,,,,,,,,,,,,,,,,,,,,,,,,,,,,,,,,,,,,,,,,,,,,,,,,,,0.0,0.0,0.0,0.0,,,,,0.0,0.0,2.333333333333333,2.333333333333333,1.3333333333333333,1.3333333333333333,14.083333333333334,14.083333333333334,42.333333333333336,42.333333333333336,8.0,8.0,26.666666666666668,26.666666666666668,14.27668026660149,14.27668026660149,8.0,8.0,0.586619241511659,0.586619241511659,1124.0,1124.0,1153.0,1153.0,1.3333333333333333,1.3333333333333333,3.0,3.0,2.0,2.0,1.11111111111111,1.11111111111111,3.333333333333333,3.333333333333333,0.0,0.0,2.6666666666666665,2.6666666666666665,4.16333199893227,4.16333199893227,0.0,0.0,0.550402423538188,0.550402423538188,995.0,995.0,1088.0,1088.0,2.0,2.0
P001,2025-11-01,,,,,,,,,,,,,,,,,,,,,,,,,,,,,,,,,,,,,,,,,,,,,,,,,,,,,,,,,,,,,,,,,,,,,,,,,,,,,,,,,,,,,,,,,,,,,,,,,,,,,,,,,,,,,,,,,,,,,,,,,,,,,,,,,,,,,,,,,,,,,,,,,,,,,,,,,,,,,,,,,,,,,,,,,,,,,,,,,,,,,,,,,,,,,,,,,,,,,,,,,,,,0.0,0.0,0.0,0.0,,,,,0.0,0.0,2.333333333333333,2.333333333333333,1.3333333333333333,1.3333333333333333,14.083333333333334,14.083333333333334,42.333333333333336,42.333333333333336,8.0,8.0,26.666666666666668,26.666666666666668,14.27668026660149,14.27668026660149,8.0,8.0,0.586619241511659,0.586619241511659,1124.0,1124.0,1153.0,1153.0,1.3333333333333333,1.3333333333333333,3.0,3.0,2.0,2.0,1.11111111111111,1.11111111111111,3.333333333333333,3.333333333333333,0.0,0.0,2.6666666666666665,2.6666666666666665,4.16333199893227,4.16333199893227,0.0,0.0,0.550402423538188,0.550402423538188,995.0,995.0,1088.0,1088.0,2.0,2.0
P001,2025-11-02,,,,,,,,,,,,,,,,,,,,,,,,,,,,,,,,,,,,,,,,,,,,,,,,,,,,,,,,,,,,,,,,,,,,,,,,,,,,,,,,,,,,,,,,,,,,,,,,,,,,,,,,,,,,,,,,,,,,,,,,,,,,,,,,,,,,,,,,,,,,,,,,,,,,,,,,,,,,,,,,,,,,,,,,,,,,,,,,,,,,,,,,,,,,,,,,,,,,,,,,,,,,0.0,0.0,0.0,0.0,,,,,0.0,0.0,2.333333333333333,2.333333333333333,1.3333333333333333,1.3333333333333333,14.083333333333334,14.083333333333334,42.333333333333336,42.333333333333336,8.0,8.0,26.666666666666668,26.666666666666668,14.27668026660149,14.27668026660149,8.0,8.0,0.586619241511659,0.586619241511659,1124.0,1124.0,1153.0,1153.0,1.3333333333333333,1.3333333333333333,3.0,3.0,2.0,2.0,1.11111111111111,1.11111111111111,3.333333333333333,3.333333333333333,0.0,0.0,2.6666666666666665,2.6666666666666665,4.16333199893227,4.16333199893227,0.0,0.0,0.550402423538188,0.550402423538188,995.0,995.0,1088.0,1088.0,2.0,2.0
P001,2025-11-03,,4.0,1.0,3.0,,5.0,,,3.0,1.0,2.0,,3.0,,,619.0,1302.0,619.0,,619.0,,,1302.0,1302.0,629.0,,644.0,,,1.0,1.0,1.0,,2.0,,,0.0,0.0,0.0,,2.0,,,0.0,0.0,0.0,,2.0,,,0.0,0.0,0.0,,454.5,,,0.0,0.0,0.0,,909.0,,,0.0,0.0,0.0,,139.0,,,0.0,0.0,0.0,,770.0,,,,,,,446.184378928712,,,0.0,0.0,0.0,,770.0,,,,,,,0.428282857502102,,,,,,,1024.0,,,,,,,1077.0,,,0.0,0.0,0.0,,1.0,,,1.0,1.0,0.0,,4.0,,,1.0,1.0,0.0,,3.0,,,34.0,34.0,0.0,,38.99975,,,34.0,34.0,0.0,,155.999,,,34.0,34.0,0.0,,0.0,,,34.0,34.0,0.0,,119.999,,,,,,,56.201536161538,,,34.0,34.0,0.0,,34.0,,,0.0,0.0,,,0.596130189512669,,,1055.0,1055.0,,,1055.0,,,1055.0,1055.0,,,1020.0,,,1.0,1.0,0.0,,2.0,,4.0,4.0,3.0,3.0,619.0,619.0,1302.0,1302.0,1.0,1.0,0.0,0.0,0.0,0.0,0.0,0.0,0.0,0.0,0.0,0.0,0.0,0.0,14.27668026660149,14.27668026660149,0.0,0.0,0.586619241511659,0.586619241511659,1124.0,1124.0,1153.0,1153.0,0.0,0.0,1.0,1.0,1.0,1.0,34.0,34.0,34.0,34.0,34.0,34.0,34.0,34.0,4.16333199893227,4.16333199893227,34.0,34.0,0.0,0.0,1055.0,1055.0,1055.0,1055.0,1.0,1.0
P001,2025-11-04,0.0,0.0,,,,,,0.0,0.0,,,,,,,,,,,,,,,,,,,,0.0,0.0,,,,,,0.0,0.0,,,,,,0.0,0.0,,,,,,0.0,0.0,,,,,,0.0,0.0,,,,,,0.0,0.0,,,,,,0.0,0.0,,,,,,,,,,,,,0.0,0.0,,,,,,,,,,,,,,,,,,,,,,,,,,,0.0,0.0,,,,,,1.0,1.0,,,,,,1.0,1.0,,,,,,0.0,0.0,,,,,,0.0,0.0,,,,,,0.0,0.0,,,,,,0.0,0.0,,,,,,,,,,,,,0.0,0.0,,,,,,,,,,,,,984.0,984.0,,,,,,984.0,984.0,,,,,,1.0,1.0,,,,,,4.0,4.0,3.0,3.0,619.0,619.0,1302.0,1302.0,1.0,1.0,0.0,0.0,0.0,0.0,0.0,0.0,0.0,0.0,0.0,0.0,0.0,0.0,,,0.0,0.0,,,,,,,0.0,0.0,2.0,2.0,2.0,2.0,17.0,17.0,17.0,17.0,17.0,17.0,17.0,17.0,,,17.0,17.0,0.0,0.0,1019.5,1019.5,1019.5,1019.5,2.0,2.0
P001,2025-11-05,0.0,1.0,0.0,1.0,,,,0.0,1.0,0.0,1.0,,,,,644.0,,644.0,,,,,644.0,,644.0,,,,0.0,1.0,0.0,1.0,,,,0.0,2.0,2.0,0.0,,,,0.0,2.0,2.0,0.0,,,,0.0,454.5,454.5,0.0,,,,0.0,909.0,909.0,0.0,,,,0.0,139.0,139.0,0.0,,,,0.0,770.0,770.0,0.0,,,,,446.184378928712,446.184378928712,,,,,0.0,770.0,770.0,0.0,,,,,0.428282857502102,0.428282857502102,,,,,,1024.0,1024.0,,,,,,1077.0,1077.0,,,,,0.0,1.0,1.0,0.0,,,,1.0,2.0,1.0,0.0,,,,1.0,2.0,1.0,0.0,,,,119.999,60.9995,2.0,0.0,,,,119.999,121.999,2.0,0.0,,,,119.999,2.0,2.0,0.0,,,,119.999,119.999,2.0,0.0,,,,,83.4378930732314,,,,,,119.999,119.999,2.0,0.0,,,,0.0,0.0877486490309071,0.0,,,,,1006.0,1006.0,1020.0,,,,,1006.0,1020.0,1020.0,,,,,0.0,0.0,0.0,0.0,,,,5.0,5.0,4.0,4.0,631.5,631.5,973.0,973.0,2.0,2.0,0.6666666666666666,0.6666666666666666,0.6666666666666666,0.6666666666666666,151.5,151.5,303.0,303.0,46.333333333333336,46.333333333333336,256.6666666666667,256.6666666666667,446.184378928712,446.184378928712,256.6666666666667,256.6666666666667,0.428282857502102,0.428282857502102,1024.0,1024.0,1077.0,1077.0,0.3333333333333333,0.3333333333333333,4.0,4.0,4.0,4.0,31.6665,31.6665,51.99966666666666,51.99966666666666,12.0,12.0,51.333,51.333,83.4378930732314,83.4378930732314,51.333,51.333,0.0438743245154535,0.0438743245154535,1015.0,1015.0,1019.6666666666666,1019.6666666666666,2.0,2.0
P001,2025-11-06,,,,,,,,,,,,,,,,,,,,,,,,,,,,,,,,,,,,,,,,,,,,,,,,,,,,,,,,,,,,,,,,,,,,,,,,,,,,,,,,,,,,,,,,,,,,,,,,,,,,,,,,,,,,,,,,,,,,,,,,,,,,,,,,,,,,,,,,,,,,,,,,,,,,,,,,,,,,,,,,,,,,,,,,,,,,,,,,,,,,,,,,,,,,,,,,,,,,,,,,,,,,5.0,5.0,4.0,4.0,631.5,631.5,973.0,973.0,2.0,2.0,0.6666666666666666,0.6666666666666666,0.6666666666666666,0.6666666666666666,151.5,151.5,303.0,303.0,46.333333333333336,46.333333333333336,256.6666666666667,256.6666666666667,446.184378928712,446.184378928712,256.6666666666667,256.6666666666667,0.428282857502102,0.428282857502102,1024.0,1024.0,1077.0,1077.0,0.3333333333333333,0.3333333333333333,4.0,4.0,4.0,4.0,31.6665,31.6665,51.99966666666666,51.99966666666666,12.0,12.0,51.333,51.333,83.4378930732314,83.4378930732314,51.333,51.333,0.0438743245154535,0.0438743245154535,1015.0,1015.0,1019.6666666666666,1019.6666666666666,2.0,2.0
P001,2025-11-07,,,,,,,,,,,,,,,,,,,,,,,,,,,,,,,,,,,,,,,,,,,,,,,,,,,,,,,,,,,,,,,,,,,,,,,,,,,,,,,,,,,,,,,,,,,,,,,,,,,,,,,,,,,,,,,,,,,,,,,,,,,,,,,,,,,,,,,,,,,,,,,,,,,,,,,,,,,,,,,,,,,,,,,,,,,,,,,,,,,,,,,,,,,,,,,,,,,,,,,,,,,,5.0,5.0,4.0,4.0,631.5,631.5,973.0,973.0,2.0,2.0,0.6666666666666666,0.6666666666666666,0.6666666666666666,0.6666666666666666,151.5,151.5,303.0,303.0,46.333333333333336,46.333333333333336,256.6666666666667,256.6666666666667,446.184378928712,446.184378928712,256.6666666666667,256.6666666666667,0.428282857502102,0.428282857502102,1024.0,1024.0,1077.0,1077.0,0.3333333333333333,0.3333333333333333,4.0,4.0,4.0,4.0,31.6665,31.6665,51.99966666666666,51.99966666666666,12.0,12.0,51.333,51.333,83.4378930732314,83.4378930732314,51.333,51.333,0.0438743245154535,0.0438743245154535,1015.0,1015.0,1019.6666666666666,1019.6666666666666,2.0,2.0
P001,2025-11-08,,,,,,,,,,,,,,,,,,,,,,,,,,,,,,,,,,,,,,,,,,,,,,,,,,,,,,,,,,,,,,,,,,,,,,,,,,,,,,,,,,,,,,,,,,,,,,,,,,,,,,,,,,,,,,,,,,,,,,,,,,,,,,,,,,,,,,,,,,,,,,,,,,,,,,,,,,,,,,,,,,,,,,,,,,,,,,,,,,,,,,,,,,,,,,,,,,,,,,,,,,,,5.0,5.0,4.0,4.0,631.5,631.5,973.0,973.0,2.0,2.0,0.6666666666666666,0.6666666666666666,0.6666666666666666,0.6666666666666666,151.5,151.5,303.0,303.0,46.333333333333336,46.333333333333336,256.6666666666667,256.6666666666667,446.184378928712,446.184378928712,256.6666666666667,256.6666666666667,0.428282857502102,0.428282857502102,1024.0,1024.0,1077.0,1077.0,0.3333333333333333,0.3333333333333333,4.0,4.0,4.0,4.0,31.6665,31.6665,51.99966666666666,51.99966666666666,12.0,12.0,51.333,51.333,83.4378930732314,83.4378930732314,51.333,51.333,0.0438743245154535,0.0438743245154535,1015.0,1015.0,1019.6666666666666,1019.6666666666666,2.0,2.0
P001,2025-11-09,,,,,,,,,,,,,,,,,,,,,,,,,,,,,,,,,,,,,,,,,,,,,,,,,,,,,,,,,,,,,,,,,,,,,,,,,,,,,,,,,,,,,,,,,,,,,,,,,,,,,,,,,,,,,,,,,,,,,,,,,,,,,,,,,,,,,,,,,,,,,,,,,,,,,,,,,,,,,,,,,,,,,,,,,,,,,,,,,,,,,,,,,,,,,,,,,,,,,,,,,,,,5.0,5.0,4.0,4.0,631.5,631.5,973.0,973.0,2.0,2.0,0.6666666666666666,0.6666666666666666,0.6666666666666666,0.6666666666666666,151.5,151.5,303.0,303.0,46.333333333333336,46.333333333333336,256.6666666666667,256.6666666666667,446.184378928712,446.184378928712,256.6666666666667,256.6666666666667,0.428282857502102,0.428282857502102,1024.0,1024.0,1077.0,1077.0,0.3333333333333333,0.3333333333333333,4.0,4.0,4.0,4.0,31.6665,31.6665,51.99966666666666,51.99966666666666,12.0,12.0,51.333,51.333,83.4378930732314,83.4378930732314,51.333,51.333,0.0438743245154535,0.0438743245154535,1015.0,1015.0,1019.6666666666666,1019.6666666666666,2.0,2.0
P001,2025-11-10,2.0,3.0,,1.0,,4.0,,2.0,2.0,,1.0,,3.0,,928.0,602.0,,602.0,,602.0,,985.0,985.0,,602.0,,647.0,,1.0,2.0,,1.0,,2.0,,2.0,2.0,,0.0,,3.0,,1.0,1.0,,0.0,,2.0,,40.0,40.0,,0.0,,64.0,,80.0,80.0,,0.0,,192.0,,33.0,33.0,,0.0,,33.0,,47.0,47.0,,0.0,,112.0,,9.89949493661167,9.89949493661167,,,,42.154477816716,,33.0,33.0,,0.0,,33.0,,0.684005549564299,0.684005549564299,,,,0.96679974497665,,993.0,993.0,,,,993.0,,1012.0,1012.0,,,,1057.0,,2.0,2.0,,0.0,,2.0,,2.0,2.0,,0.0,,3.0,,2.0,2.0,,0.0,,3.0,,29.0,29.0,,0.0,,21.3333333333333,,58.0,58.0,,0.0,,64.0,,12.0,12.0,,0.0,,6.0,,46.0,46.0,,0.0,,46.0,,24.0416305603426,24.0416305603426,,,,21.5715862498179,,46.0,46.0,,0.0,,46.0,,0.518436389236861,0.518436389236861,,,,0.788774632557755,,988.0,988.0,,,,988.0,,990.0,990.0,,,,1013.0,,1.0,1.0,,0.0,,1.0,,3.0,3.0,2.0,2.0,602.0,602.0,985.0,985.0,2.0,2.0,2.0,2.0,1.0,1.0,40.0,40.0,80.0,80.0,33.0,33.0,47.0,47.0,9.89949493661167,9.89949493661167,33.0,33.0,0.684005549564299,0.684005549564299,993.0,993.0,1012.0,1012.0,2.0,2.0,2.0,2.0,2.0,2.0,29.0,29.0,58.0,58.0,12.0,12.0,46.0,46.0,24.0416305603426,24.0416305603426,46.0,46.0,0.518436389236861,0.518436389236861,988.0,988.0,990.0,990.0,1.0,1.0
P001,2025-11-11,,,,,,,,,,,,,,,,,,,,,,,,,,,,,,,,,,,,,,,,,,,,,,,,,,,,,,,,,,,,,,,,,,,,,,,,,,,,,,,,,,,,,,,,,,,,,,,,,,,,,,,,,,,,,,,,,,,,,,,,,,,,,,,,,,,,,,,,,,,,,,,,,,,,,,,,,,,,,,,,,,,,,,,,,,,,,,,,,,,,,,,,,,,,,,,,,,,,,,,,,,,,3.0,3.0,2.0,2.0,602.0,602.0,985.0,985.0,2.0,2.0,2.0,2.0,1.0,1.0,40.0,40.0,80.0,80.0,33.0,33.0,47.0,47.0,9.89949493661167,9.89949493661167,33.0,33.0,0.684005549564299,0.684005549564299,993.0,993.0,1012.0,1012.0,2.0,2.0,2.0,2.0,2.0,2.0,29.0,29.0,58.0,58.0,12.0,12.0,46.0,46.0,24.0416305603426,24.0416305603426,46.0,46.0,0.518436389236861,0.518436389236861,988.0,988.0,990.0,990.0,1.0,1.0
P001,2025-11-12,0.0,1.0,0.0,1.0,,,,0.0,1.0,0.0,1.0,,,,,647.0,,647.0,,,,,647.0,,647.0,,,,0.0,0.0,0.0,0.0,,,,0.0,1.0,1.0,0.0,,,,0.0,1.0,1.0,0.0,,,,0.0,112.0,112.0,0.0,,,,0.0,112.0,112.0,0.0,,,,0.0,112.0,112.0,0.0,,,,0.0,112.0,112.0,0.0,,,,,,,,,,,0.0,112.0,112.0,0.0,,,,,0.0,0.0,,,,,,1057.0,1057.0,,,,,,1057.0,1057.0,,,,,0.0,0.0,1.0,0.0,,,,1.0,1.0,0.0,0.0,,,,1.0,1.0,0.0,0.0,,,,6.0,6.0,0.0,0.0,,,,6.0,6.0,0.0,0.0,,,,6.0,6.0,0.0,0.0,,,,6.0,6.0,0.0,0.0,,,,,,,,,,,6.0,6.0,0.0,0.0,,,,0.0,0.0,,,,,,1013.0,1013.0,,,,,,1013.0,1013.0,,,,,,0.0,0.0,0.0,0.0,,,,4.0,4.0,3.0,3.0,624.5,624.5,816.0,816.0,2.0,2.0,1.5,1.5,1.0,1.0,76.0,76.0,96.0,96.0,72.5,72.5,79.5,79.5,9.89949493661167,9.89949493661167,72.5,72.5,0.3420027747821495,0.3420027747821495,1025.0,1025.0,1034.5,1034.5,1.0,1.0,3.0,3.0,3.0,3.0,17.5,17.5,32.0,32.0,9.0,9.0,26.0,26.0,24.0416305603426,24.0416305603426,26.0,26.0,0.2592181946184305,0.2592181946184305,1000.5,1000.5,1001.5,1001.5,1.0,1.0
P001,2025-11-13,,,,,,,,,,,,,,,,,,,,,,,,,,,,,,,,,,,,,,,,,,,,,,,,,,,,,,,,,,,,,,,,,,,,,,,,,,,,,,,,,,,,,,,,,,,,,,,,,,,,,,,,,,,,,,,,,,,,,,,,,,,,,,,,,,,,,,,,,,,,,,,,,,,,,,,,,,,,,,,,,,,,,,,,,,,,,,,,,,,,,,,,,,,,,,,,,,,,,,,,,,,,4.0,4.0,3.0,3.0,624.5,624.5,816.0,816.0,2.0,2.0,1.5,1.5,1.0,1.0,76.0,76.0,96.0,96.0,72.5,72.5,79.5,79.5,9.89949493661167,9.89949493661167,72.5,72.5,0.3420027747821495,0.3420027747821495,1025.0,1025.0,1034.5,1034.5,1.0,1.0,3.0,3.0,3.0,3.0,17.5,17.5,32.0,32.0,9.0,9.0,26.0,26.0,24.0416305603426,24.0416305603426,26.0,26.0,0.2592181946184305,0.2592181946184305,1000.5,1000.5,1001.5,1001.5,1.0,1.0
P001,2025-11-14,,,,,,,,,,,,,,,,,,,,,,,,,,,,,,,,,,,,,,,,,,,,,,,,,,,,,,,,,,,,,,,,,,,,,,,,,,,,,,,,,,,,,,,,,,,,,,,,,,,,,,,,,,,,,,,,,,,,,,,,,,,,,,,,,,,,,,,,,,,,,,,,,,,,,,,,,,,,,,,,,,,,,,,,,,,,,,,,,,,,,,,,,,,,,,,,,,,,,,,,,,,,4.0,4.0,3.0,3.0,624.5,624.5,816.0,816.0,2.0,2.0,1.5,1.5,1.0,1.0,76.0,76.0,96.0,96.0,72.5,72.5,79.5,79.5,9.89949493661167,9.89949493661167,72.5,72.5,0.3420027747821495,0.3420027747821495,1025.0,1025.0,1034.5,1034.5,1.0,1.0,3.0,3.0,3.0,3.0,17.5,17.5,32.0,32.0,9.0,9.0,26.0,26.0,24.0416305603426,24.0416305603426,26.0,26.0,0.2592181946184305,0.2592181946184305,1000.5,1000.5,1001.5,1001.5,1.0,1.0
P001,2025-11-15,0.0,0.0,,,,,0.0,0.0,0.0,,,,,0.0,,,,,,,,,,,,,,,0.0,0.0,,,,,0.0,0.0,0.0,,,,,0.0,0.0,0.0,,,,,0.0,0.0,0.0,,,,,0.0,0.0,0.0,,,,,0.0,0.0,0.0,,,,,0.0,0.0,0.0,,,,,0.0,,,,,,,,0.0,0.0,,,,,0.0,,,,,,,,,,,,,,,,,,,,,,0.0,0.0,,,,,0.0,1.0,1.0,,,,,1.0,1.0,1.0,,,,,1.0,81.0,81.0,,,,,81.0,81.0,81.0,,,,,81.0,81.0,81.0,,,,,81.0,81.0,81.0,,,,,81.0,,,,,,,,81.0,81.0,,,,,81.0,0.0,0.0,,,,,0.0,737.0,737.0,,,,,737.0,737.0,737.0,,,,,737.0,0.0,1.0,,,,,1.0,4.0,4.0,3.0,3.0,624.5,624.5,816.0,816.0,2.0,2.0,1.0,1.0,0.6666666666666666,0.6666666666666666,50.666666666666664,50.666666666666664,64.0,64.0,48.333333333333336,48.333333333333336,53.0,53.0,9.89949493661167,9.89949493661167,48.333333333333336,48.333333333333336,0.3420027747821495,0.3420027747821495,1025.0,1025.0,1034.5,1034.5,0.6666666666666666,0.6666666666666666,4.0,4.0,4.0,4.0,38.666666666666664,38.666666666666664,48.333333333333336,48.333333333333336,33.0,33.0,44.333333333333336,44.333333333333336,24.0416305603426,24.0416305603426,44.333333333333336,44.333333333333336,0.17281212974562032,0.17281212974562032,912.6666666666666,912.6666666666666,913.3333333333334,913.3333333333334,2.0,2.0
P001,2025-11-16,,,,,,,,,,,,,,,,,,,,,,,,,,,,,,,,,,,,,,,,,,,,,,,,,,,,,,,,,,,,,,,,,,,,,,,,,,,,,,,,,,,,,,,,,,,,,,,,,,,,,,,,,,,,,,,,,,,,,,,,,,,,,,,,,,,,,,,,,,,,,,,,,,,,,,,,,,,,,,,,,,,,,,,,,,,,,,,,,,,,,,,,,,,,,,,,,,,,,,,,,,,,4.0,4.0,3.0,3.0,624.5,624.5,816.0,816.0,2.0,2.0,1.0,1.0,0.6666666666666666,0.6666666666666666,50.666666666666664,50.666666666666664,64.0,64.0,48.333333333333336,48.333333333333336,53.0,53.0,9.89949493661167,9.89949493661167,48.333333333333336,48.333333333333336,0.3420027747821495,0.3420027747821495,1025.0,1025.0,1034.5,1034.5,0.6666666666666666,0.6666666666666666,4.0,4.0,4.0,4.0,38.666666666666664,38.666666666666664,48.333333333333336,48.333333333333336,33.0,33.0,44.333333333333336,44.333333333333336,24.0416305603426,24.0416305603426,44.333333333333336,44.333333333333336,0.17281212974562032,0.17281212974562032,912.6666666666666,912.6666666666666,913.3333333333334,913.3333333333334,2.0,2.0
