pid,date,f_wifi:phone_wifi_visible_rapids_countscans:afternoon,f_wifi:phone_wifi_visible_rapids_countscans:allday,f_wifi:phone_wifi_visible_rapids_countscans:evening,f_wifi:phone_wifi_visible_rapids_countscans:morning,f_wifi:phone_wifi_visible_rapids_countscans:night,f_wifi:phone_wifi_visible_rapids_countscans:wkdy,f_wifi:phone_wifi_visible_rapids_countscans:wkend,f_wifi:phone_wifi_visible_rapids_uniquedevices:afternoon,f_wifi:phone_wifi_visible_rapids_uniquedevices:allday,f_wifi:phone_wifi_visible_rapids_uniquedevices:evening,f_wifi:phone_wifi_visible_rapids_uniquedevices:morning,f_wifi:phone_wifi_visible_rapids_uniquedevices:night,f_wifi:phone_wifi_visible_rapids_uniquedevices:wkdy,f_wifi:phone_wifi_visible_rapids_uniquedevices:wkend,f_wifi:phone_wifi_visible_rapids_countscansmostuniquedevice:afternoon,f_wifi:phone_wifi_visible_rapids_countscansmostuniquedevice:allday,f_wifi:phone_wifi_visible_rapids_countscansmostuniquedevice:evening,f_wifi:phone_wifi_visible_rapids_countscansmostuniquedevice:morning,f_wifi:phone_wifi_visible_rapids_countscansmostuniquedevice:night,f_wifi:phone_wifi_visible_rapids_countscansmostuniquedevice:wkdy,f_wifi:phone_wifi_visible_rapids_countscansmostuniquedevice:wkend,f_wifi:phone_wifi_visible_rapids_countscans:7dhist,f_wifi:phone_wifi_visible_rapids_countscans:14dhist,f_wifi:phone_wifi_visible_rapids_uniquedevices:7dhist,f_wifi:phone_wifi_visible_rapids_uniquedevices:14dhist,f_wifi:phone_wifi_visible_rapids_countscansmostuniquedevice:7dhist,f_wifi:phone_wifi_visible_rapids_countscansmostuniquedevice:14dhist
P001,2025-10-13,3891.0,10954.0,3650.0,1660.0,2659.0,20000.0,,84.0,159.0,72.0,46.0,38.0,1693.0,,319.0,868.0,324.0,96.0,203.0,1096.0,,10954.0,10954.0,159.0,159.0,868.0,868.0
P001,2025-10-14,6851.0,8392.0,3955.0,3830.0,2601.0,,,2089.0,1138.0,76.0,364.0,40.0,,,100.0,507.0,321.0,113.0,173.0,,,19346.0,19346.0,1297.0,1297.0,1375.0,1375.0
P001,2025-10-15,5463.0,14562.0,7182.0,903.0,2762.0,,,610.0,1066.0,750.0,28.0,39.0,,,291.0,795.0,389.0,34.0,156.0,,,33908.0,33908.0,2363.0,2363.0,2170.0,2170.0
P001,2025-10-16,3989.0,7064.0,3769.0,2131.0,3098.0,,,94.0,108.0,68.0,53.0,33.0,,,329.0,561.0,289.0,128.0,231.0,,,40972.0,40972.0,2471.0,2471.0,2731.0,2731.0
P001,2025-10-17,2584.0,5827.0,1870.0,2356.0,763.0,,,70.0,526.0,466.0,65.0,31.0,,,231.0,425.0,77.0,171.0,54.0,,,46799.0,46799.0,2997.0,2997.0,3156.0,3156.0
P001,2025-10-18,1118.0,4111.0,1393.0,832.0,462.0,,4173.0,41.0,80.0,41.0,42.0,26.0,,80.0,84.0,319.0,123.0,56.0,40.0,,324.0,50910.0,50910.0,3077.0,3077.0,3475.0,3475.0
P001,2025-10-19,1083.0,3602.0,1085.0,686.0,484.0,,,39.0,61.0,35.0,32.0,29.0,,,87.0,274.0,87.0,46.0,34.0,,,54512.0,54512.0,3138.0,3138.0,3749.0,3749.0
P001,2025-10-20,1044.0,4381.0,2149.0,721.0,729.0,10000.0,,47.0,74.0,32.0,38.0,27.0,142.0,,86.0,362.0,191.0,52.0,53.0,815.0,,4381.0,4381.0,74.0,74.0,362.0,362.0
P001,2025-10-21,989.0,3798.0,1421.0,707.0,512.0,,,45.0,81.0,41.0,45.0,31.0,,,85.0,304.0,120.0,51.0,33.0,,,8179.0,8179.0,155.0,155.0,666.0,666.0
P001,2025-10-22,929.0,3497.0,1306.0,707.0,675.0,,,37.0,62.0,32.0,34.0,31.0,,,81.0,286.0,106.0,60.0,47.0,,,11676.0,11676.0,217.0,217.0,952.0,952.0
P001,2025-10-23,1128.0,3688.0,979.0,888.0,886.0,,,39.0,71.0,28.0,40.0,30.0,,,86.0,277.0,84.0,59.0,63.0,,,15364.0,15364.0,288.0,288.0,1229.0,1229.0
P001,2025-10-24,1087.0,3724.0,1031.0,752.0,756.0,,,32.0,64.0,34.0,37.0,26.0,,,84.0,284.0,86.0,50.0,63.0,,,19088.0,19088.0,352.0,352.0,1513.0,1513.0
P001,2025-10-25,1028.0,5171.0,3652.0,608.0,857.0,,9292.0,78.0,696.0,647.0,33.0,33.0,,721.0,87.0,244.0,117.0,46.0,67.0,,591.0,24259.0,24259.0,1048.0,1048.0,1757.0,1757.0
P001,2025-10-26,872.0,3209.0,872.0,687.0,396.0,,,30.0,49.0,22.0,24.0,28.0,,,83.0,278.0,80.0,53.0,33.0,,,27468.0,27468.0,1097.0,1097.0,2035.0,2035.0
P001,2025-10-27,903.0,3006.0,885.0,780.0,1165.0,10000.0,,53.0,79.0,39.0,37.0,24.0,159.0,,78.0,250.0,72.0,64.0,100.0,844.0,,3006.0,3006.0,79.0,79.0,250.0,250.0
P001,2025-10-28,981.0,4441.0,963.0,1296.0,648.0,,,38.0,74.0,24.0,46.0,24.0,,,85.0,380.0,89.0,105.0,51.0,,,7447.0,7447.0,153.0,153.0,630.0,630.0
P001,2025-10-29,873.0,3083.0,1108.0,502.0,889.0,,,40.0,83.0,38.0,34.0,28.0,,,81.0,261.0,102.0,30.0,71.0,,,10530.0,10530.0,236.0,236.0,891.0,891.0
P001,2025-10-30,1003.0,3521.0,916.0,725.0,674.0,,,37.0,85.0,37.0,48.0,33.0,,,94.0,305.0,83.0,54.0,57.0,,,14051.0,14051.0,321.0,321.0,1196.0,1196.0
P001,2025-10-31,909.0,3286.0,1041.0,628.0,765.0,,,34.0,73.0,35.0,36.0,31.0,,,87.0,283.0,92.0,47.0,65.0,,,17337.0,17337.0,394.0,394.0,1479.0,1479.0
P001,2025-11-01,543.0,2627.0,462.0,862.0,396.0,,2663.0,62.0,198.0,97.0,32.0,48.0,,198.0,40.0,142.0,,71.0,,,142.0,19964.0,19964.0,592.0,592.0,1621.0,1621.0
P001,2025-11-02,3130.0,5145.0,1038.0,686.0,162.0,,,959.0,972.0,46.0,40.0,20.0,,,,,,,,,,25109.0,25109.0,1564.0,1564.0,1621.0,1621.0
P001,2025-11-03,2763.0,9404.0,1872.0,4544.0,249.0,10000.0,,76.0,1233.0,692.0,875.0,15.0,1319.0,,,,,,,,,9404.0,9404.0,1233.0,1233.0,0.0,0.0
P001,2025-11-04,2964.0,8184.0,3565.0,2069.0,179.0,,,732.0,1656.0,994.0,360.0,13.0,,,,,,,,,,17588.0,17588.0,2889.0,2889.0,0.0,0.0
P001,2025-11-05,4969.0,7913.0,1056.0,3495.0,219.0,,,550.0,570.0,40.0,301.0,18.0,,,,,,,,,,25501.0,25501.0,3459.0,3459.0,0.0,0.0
P001,2025-11-06,4582.0,8210.0,2831.0,2689.0,176.0,,,565.0,573.0,44.0,304.0,19.0,,,,,,,,,,33711.0,33711.0,4032.0,4032.0,0.0,0.0
P001,2025-11-07,5386.0,9036.0,2132.0,3078.0,235.0,,,459.0,490.0,63.0,380.0,20.0,,,,,,,,,,42747.0,42747.0,4522.0,4522.0,0.0,0.0
P001,2025-11-08,2346.0,15238.0,378.0,13234.0,271.0,,17485.0,518.0,3060.0,45.0,2944.0,18.0,,3187.0,,,,,,,,57985.0,57985.0,7582.0,7582.0,0.0,0.0
P001,2025-11-09,353.0,1283.0,367.0,349.0,121.0,,,24.0,41.0,34.0,21.0,19.0,,,,,,,,,,59268.0,59268.0,7623.0,7623.0,0.0,0.0
P001,2025-11-10,746.0,2846.0,738.0,1094.0,284.0,10000.0,,181.0,324.0,25.0,242.0,18.0,1207.0,,,,,,,,,2846.0,2846.0,324.0,324.0,0.0,0.0
P001,2025-11-11,2077.0,4486.0,762.0,1366.0,315.0,,,493.0,742.0,69.0,370.0,20.0,,,,,,,,,,7332.0,7332.0,1066.0,1066.0,0.0,0.0
P001,2025-11-12,3687.0,6423.0,949.0,1451.0,342.0,,,1404.0,1654.0,41.0,377.0,18.0,,,,,,,,,,13755.0,13755.0,2720.0,2720.0,0.0,0.0
P001,2025-11-13,4596.0,863.0,669.0,1571.0,258.0,,,546.0,29.0,26.0,471.0,20.0,,,,,,,,,,14618.0,14618.0,2749.0,2749.0,0.0,0.0
P001,2025-11-14,3183.0,5950.0,820.0,1566.0,468.0,,,718.0,870.0,44.0,407.0,22.0,,,,,,,,,,20568.0,20568.0,3619.0,3619.0,0.0,0.0
P001,2025-11-15,3594.0,5628.0,1092.0,484.0,612.0,,6735.0,1104.0,1117.0,26.0,35.0,19.0,,1117.0,,,,,,,,26196.0,26196.0,4736.0,4736.0,0.0,0.0
P001,2025-11-16,180.0,1107.0,,582.0,,,,15.0,19.0,,19.0,,,,,,,,,,,27303.0,27303.0,4755.0,4755.0,0.0,0.0
