local_segment,local_segment_label,local_segment_start_datetime,local_segment_end_datetime,phone_bluetooth_rapids_countscans,phone_bluetooth_rapids_uniquedevices,phone_bluetooth_rapids_countscansmostuniquedevice,phone_bluetooth_doryab_countscansall,phone_bluetooth_doryab_uniquedevicesall,phone_bluetooth_doryab_meanscansall,phone_bluetooth_doryab_stdscansall,phone_bluetooth_doryab_countscansmostfrequentdevicewithinsegmentsall,phone_bluetooth_doryab_countscansmostfrequentdeviceacrosssegmentsall,phone_bluetooth_doryab_countscansmostfrequentdeviceacrossdatasetall,phone_bluetooth_doryab_countscansleastfrequentdevicewithinsegmentsall,phone_bluetooth_doryab_countscansleastfrequentdeviceacrosssegmentsall,phone_bluetooth_doryab_countscansleastfrequentdeviceacrossdatasetall,phone_bluetooth_doryab_countscansown,phone_bluetooth_doryab_uniquedevicesown,phone_bluetooth_doryab_meanscansown,phone_bluetooth_doryab_stdscansown,phone_bluetooth_doryab_countscansmostfrequentdevicewithinsegmentsown,phone_bluetooth_doryab_countscansmostfrequentdeviceacrosssegmentsown,phone_bluetooth_doryab_countscansmostfrequentdeviceacrossdatasetown,phone_bluetooth_doryab_countscansleastfrequentdevicewithinsegmentsown,phone_bluetooth_doryab_countscansleastfrequentdeviceacrosssegmentsown,phone_bluetooth_doryab_countscansleastfrequentdeviceacrossdatasetown,phone_bluetooth_doryab_countscansothers,phone_bluetooth_doryab_uniquedevicesothers,phone_bluetooth_doryab_meanscansothers,phone_bluetooth_doryab_stdscansothers,phone_bluetooth_doryab_countscansmostfrequentdevicewithinsegmentsothers,phone_bluetooth_doryab_countscansmostfrequentdeviceacrosssegmentsothers,phone_bluetooth_doryab_countscansmostfrequentdeviceacrossdatasetothers,phone_bluetooth_doryab_countscansleastfrequentdevicewithinsegmentsothers,phone_bluetooth_doryab_countscansleastfrequentdeviceacrosssegmentsothers,phone_bluetooth_doryab_countscansleastfrequentdeviceacrossdatasetothers,phone_calls_rapids_missed_count,phone_calls_rapids_missed_distinctcontacts,phone_calls_rapids_missed_timefirstcall,phone_calls_rapids_missed_timelastcall,phone_calls_rapids_missed_countmostfrequentcontact,phone_calls_rapids_incoming_count,phone_calls_rapids_incoming_distinctcontacts,phone_calls_rapids_incoming_meanduration,phone_calls_rapids_incoming_sumduration,phone_calls_rapids_incoming_minduration,phone_calls_rapids_incoming_maxduration,phone_calls_rapids_incoming_stdduration,phone_calls_rapids_incoming_modeduration,phone_calls_rapids_incoming_entropyduration,phone_calls_rapids_incoming_timefirstcall,phone_calls_rapids_incoming_timelastcall,phone_calls_rapids_incoming_countmostfrequentcontact,phone_calls_rapids_outgoing_count,phone_calls_rapids_outgoing_distinctcontacts,phone_calls_rapids_outgoing_meanduration,phone_calls_rapids_outgoing_sumduration,phone_calls_rapids_outgoing_minduration,phone_calls_rapids_outgoing_maxduration,phone_calls_rapids_outgoing_stdduration,phone_calls_rapids_outgoing_modeduration,phone_calls_rapids_outgoing_entropyduration,phone_calls_rapids_outgoing_timefirstcall,phone_calls_rapids_outgoing_timelastcall,phone_calls_rapids_outgoing_countmostfrequentcontact,phone_data_yield_rapids_ratiovalidyieldedminutes,phone_data_yield_rapids_ratiovalidyieldedhours,phone_locations_doryab_varspeed,phone_locations_doryab_stdlengthstayatclusters,phone_locations_doryab_maxlengthstayatclusters,phone_locations_doryab_avgspeed,phone_locations_doryab_timeattop3location,phone_locations_doryab_totaldistance,phone_locations_doryab_movingtostaticratio,phone_locations_doryab_locationvariance,phone_locations_doryab_avglengthstayatclusters,phone_locations_doryab_numberlocationtransitions,phone_locations_doryab_radiusgyration,phone_locations_doryab_timeathome,phone_locations_doryab_normalizedlocationentropy,phone_locations_doryab_timeattop1location,phone_locations_doryab_outlierstimepercent,phone_locations_doryab_timeattop2location,phone_locations_doryab_numberofsignificantplaces,phone_locations_doryab_locationentropy,phone_locations_doryab_loglocationvariance,phone_locations_doryab_minlengthstayatclusters,phone_locations_barnett_hometime,phone_locations_barnett_disttravelled,phone_locations_barnett_rog,phone_locations_barnett_maxdiam,phone_locations_barnett_maxhomedist,phone_locations_barnett_siglocsvisited,phone_locations_barnett_avgflightlen,phone_locations_barnett_stdflightlen,phone_locations_barnett_avgflightdur,phone_locations_barnett_stdflightdur,phone_locations_barnett_probpause,phone_locations_barnett_siglocentropy,phone_locations_barnett_circdnrtn,phone_locations_barnett_wkenddayrtn,phone_screen_rapids_countepisodeunlock,phone_screen_rapids_sumdurationunlock,phone_screen_rapids_maxdurationunlock,phone_screen_rapids_mindurationunlock,phone_screen_rapids_avgdurationunlock,phone_screen_rapids_stddurationunlock,phone_screen_rapids_firstuseafter00unlock,phone_wifi_visible_rapids_countscans,phone_wifi_visible_rapids_uniquedevices,phone_wifi_visible_rapids_countscansmostuniquedevice,phone_screen_rapids_countepisodeunlock_locmap_home,phone_screen_rapids_countepisodeunlock_locmap_study,phone_screen_rapids_countepisodeunlock_locmap_living,phone_screen_rapids_countepisodeunlock_locmap_exercise,phone_screen_rapids_countepisodeunlock_locmap_greens,phone_screen_rapids_sumdurationunlock_locmap_home,phone_screen_rapids_sumdurationunlock_locmap_study,phone_screen_rapids_sumdurationunlock_locmap_living,phone_screen_rapids_sumdurationunlock_locmap_exercise,phone_screen_rapids_sumdurationunlock_locmap_greens,phone_screen_rapids_avgdurationunlock_locmap_home,phone_screen_rapids_avgdurationunlock_locmap_study,phone_screen_rapids_avgdurationunlock_locmap_living,phone_screen_rapids_avgdurationunlock_locmap_exercise,phone_screen_rapids_avgdurationunlock_locmap_greens
"afternoon#2025-10-20 12:00:00,2025-10-20 17:00:00",afternoon,2025-10-20 12:00:00,2025-10-20 17:00:00,169,39,85,169,39,4.33333333333333,14.9337719233839,85,85,44,1,0,0,129,2,64.5,28.9913780286484,85,85,44,44,44,0,40,37,1.08108108108108,0.27672473069203,2,0,0,1,0,0,,,,,,,,,,,,,,,,,,,,,,,,,,,,,,0.393311504544831,0.0,,,,,,,,,,,,,,,,,,,,,,,,,,,,,,,,,,,24.0,131.130316666667,27.00425,0.120666666666667,5.46376319444444,7.52677331365148,720.0,1044,47,86,,,,,,,,,,,,,,,
"afternoon#2025-10-21 12:00:00,2025-10-21 17:00:00",afternoon,2025-10-21 12:00:00,2025-10-21 17:00:00,284,129,51,284,129,2.2015503875969,5.36099898130184,51,51,36,1,1,0,87,2,43.5,10.6066017177982,51,51,36,36,36,0,197,127,1.5511811023622,0.897161851382767,5,0,0,1,0,0,,,,,,,,,,,,,,,,,,,,,,,,,,,,,,0.336647982703627,0.0,,,,,,,,,,,,,,,,,,,,,,,,,,,,,,,,,,,6.0,107.11905,40.6445,5.89633333333333,17.853175,12.3226470837314,720.1,989,45,85,,,,,,,,,,,,,,,
"afternoon#2025-10-22 12:00:00,2025-10-22 17:00:00",afternoon,2025-10-22 12:00:00,2025-10-22 17:00:00,170,72,29,170,72,2.36111111111111,5.89653886437033,43,29,43,1,0,0,72,2,36.0,9.89949493661167,43,29,43,29,43,0,98,70,1.4,0.787584824049108,4,0,0,1,0,0,,,,,,,,,,,,,,,,,,,,,,,,,,,,,,0.353313724421628,0.0,,,,,,,,,,,,,,,,,,,,,,,,,,,,,,,,,,,14.0,145.9425,36.19355,0.2685,10.4244642857143,13.7628676297683,720.0,929,37,81,,,,,,,,,,,,,,,
"afternoon#2025-10-23 12:00:00,2025-10-23 17:00:00",afternoon,2025-10-23 12:00:00,2025-10-23 17:00:00,108,49,28,108,49,2.20408163265306,5.59381947568301,30,28,30,1,0,0,58,2,29.0,1.4142135623731,30,28,30,28,30,0,50,47,1.06382978723404,0.247092248145165,2,0,0,1,0,0,1.0,1.0,947.0,947.0,1.0,0.0,0.0,0.0,0.0,0.0,0.0,,0.0,,,,0.0,0.0,0.0,0.0,0.0,0.0,0.0,,0.0,,,,0.0,0.356646872765228,0.0,,,,,,,,,,,,,,,,,,,,,,,,,,,,,,,,,,,12.0,42.7781166666667,11.3269,0.553983333333333,3.56484305555556,3.44607094841913,720.0,1128,39,86,12.0,0.0,0.0,0.0,0.0,42.7781166666667,0.0,0.0,0.0,0.0,3.564843055555558,,,,
"afternoon#2025-10-24 12:00:00,2025-10-24 17:00:00",afternoon,2025-10-24 12:00:00,2025-10-24 17:00:00,286,110,101,286,110,2.6,9.93206280485746,101,101,32,1,0,0,133,2,66.5,48.7903679018718,101,101,32,32,32,0,153,108,1.41666666666667,0.712045887421867,4,4,0,1,0,0,0.0,0.0,,,0.0,0.0,0.0,0.0,0.0,0.0,0.0,,0.0,,,,0.0,4.0,2.0,101.5,406.0,1.0,396.0,196.350876409215,396.0,0.138994309697099,785.0,793.0,3.0,0.369979466139629,0.0,,,,,,,,,,,,,,,,,,,,,,,,,,,,,,,,,,,13.0,75.9234,29.5691333333333,0.0538666666666667,5.84026153846154,8.20971116285572,720.966666666667,1087,32,84,13.0,0.0,0.0,0.0,0.0,75.9234,0.0,0.0,0.0,0.0,5.840261538461538,,,,
"afternoon#2025-10-25 12:00:00,2025-10-25 17:00:00",afternoon,2025-10-25 12:00:00,2025-10-25 17:00:00,229,86,73,229,86,2.66279069767442,8.37589042166128,73,73,32,1,0,0,105,2,52.5,28.9913780286484,73,73,32,32,32,0,124,84,1.47619047619048,0.667240143475219,3,3,0,1,1,0,,,,,,,,,,,,,,,,,,,,,,,,,,,,,,0.346647427734427,0.0,,,,,,,,,,,,,,,,,,,,,,,,,,,,,,,,,,,9.0,62.17245,17.2673333333333,0.101833333333333,6.90805,7.2979087767252,756.616666666667,1028,78,87,,,,,,,,,,,,,,,
"afternoon#2025-10-26 12:00:00,2025-10-26 17:00:00",afternoon,2025-10-26 12:00:00,2025-10-26 17:00:00,278,102,51,278,102,2.72549019607843,5.97545617421816,51,51,36,1,0,0,87,2,43.5,10.6066017177982,51,51,36,36,36,0,191,100,1.91,1.01598337694188,5,0,0,1,0,0,,,,,,,,,,,,,,,,,,,,,,,,,,,,,,0.306649647611224,0.0,,,,,,,,,,,,,,,,,,,,,,,,,,,,,,,,,,,7.0,112.2618,41.8251,0.0711666666666667,16.0374,12.9407663354746,761.733333333333,872,30,83,,,,,,,,,,,,,,,
"allday#2025-10-20 00:00:00,2025-10-21 00:00:00",allday,2025-10-20 00:00:00,2025-10-21 00:00:00,580,160,166,580,160,3.625,19.7266700036768,189,166,166,1,0,0,355,2,177.5,16.2634559672906,189,166,166,166,189,0,225,158,1.42405063291139,1.55286586834256,11,0,0,1,0,0,0.0,0.0,,,0.0,1.0,1.0,9.0,9.0,9.0,9.0,,9.0,0.0,1162.0,1162.0,1.0,0.0,0.0,0.0,0.0,0.0,0.0,,0.0,,,,0.0,0.289579985064756,0.0,,,,,,,,,,,,,,,,,,,,,,,,,,,,,,,,,,,35.0,344.62,96.9434666666666,0.191083333333333,9.84628571428571,17.4607141170286,599.916666666667,4381,74,362,35.0,0.0,0.0,0.0,0.0,344.62,0.0,0.0,0.0,0.0,9.846285714285715,,,,
"allday#2025-10-21 00:00:00,2025-10-22 00:00:00",allday,2025-10-21 00:00:00,2025-10-22 00:00:00,926,360,180,926,360,2.57222222222222,12.256783946376,180,180,180,1,0,0,326,2,163.0,24.0416305603426,180,180,180,146,146,0,600,358,1.67597765363128,2.11199946936615,35,35,0,1,0,0,,,,,,,,,,,,,,,,,,,,,,,,,,,,,,0.301385404120154,0.0416661849014037,,,,,,,,,,,,,,,,,,,,,,,,,,,,,,,,,,,17.0,549.072533333333,147.246666666667,0.401466666666667,32.2983843137255,38.9449104299486,0.0,3798,81,304,17.0,0.0,0.0,0.0,0.0,549.072533333333,0.0,0.0,0.0,0.0,32.29838431372547,,,,
"allday#2025-10-22 00:00:00,2025-10-23 00:00:00",allday,2025-10-22 00:00:00,2025-10-23 00:00:00,768,289,174,768,289,2.65743944636678,12.3955478265706,174,174,174,1,0,0,294,2,147.0,38.1837661840736,174,174,174,120,120,0,474,287,1.65156794425087,1.70679103725177,20,4,0,1,0,0,,,,,,,,,,,,,,,,,,,,,,,,,,,,,,0.287496675819686,0.0,,,,,,,,,,,,,,,,,,,,,,,,,,,,,,,,,,,25.0,425.341383333333,110.222166666667,0.0692333333333333,17.0136553333333,29.8029311244882,550.383333333333,3497,62,286,,,,,,,,,,,,,,,
"allday#2025-10-23 00:00:00,2025-10-24 00:00:00",allday,2025-10-23 00:00:00,2025-10-24 00:00:00,539,211,152,539,211,2.55450236966825,11.5902510804696,152,152,152,1,0,0,227,2,113.5,54.4472221513642,152,152,152,75,75,0,312,209,1.49282296650718,1.37323179042696,13,13,0,1,0,0,1.0,1.0,947.0,947.0,1.0,0.0,0.0,0.0,0.0,0.0,0.0,,0.0,,,,0.0,4.0,2.0,153.5,614.0,2.0,247.0,105.762312128029,192.0,1.10783894966884,1032.0,1361.0,2.0,0.29652434921499,0.0,,,,,,,,,,,,,,,,,,,,,,,,,,,,,,,,,,,28.0,336.931033333333,63.6318333333333,0.0926,12.0332511904762,15.4077721592506,0.0,3688,71,277,28.0,0.0,0.0,0.0,0.0,336.931033333333,0.0,0.0,0.0,0.0,12.033251190476179,,,,
"allday#2025-10-24 00:00:00,2025-10-25 00:00:00",allday,2025-10-24 00:00:00,2025-10-25 00:00:00,860,338,167,860,338,2.54437869822485,12.0849901163118,167,167,167,1,0,0,314,2,157.0,14.142135623731,167,167,167,147,147,0,546,336,1.625,1.74557008606734,29,29,0,1,0,0,0.0,0.0,,,0.0,0.0,0.0,0.0,0.0,0.0,0.0,,0.0,,,,0.0,4.0,2.0,101.5,406.0,1.0,396.0,196.350876409215,396.0,0.138994309697099,785.0,793.0,3.0,0.29652434921499,0.0,,,,,,,,,,,,,,,,,,,,,,,,,,,,,,,,,,,23.0,411.453883333333,119.72655,0.0538666666666667,17.8892992753623,28.1611370759607,0.0,3724,64,284,23.0,0.0,0.0,0.0,0.0,411.453883333333,0.0,0.0,0.0,0.0,17.889299275362305,,,,
"allday#2025-10-25 00:00:00,2025-10-26 00:00:00",allday,2025-10-25 00:00:00,2025-10-26 00:00:00,1379,537,167,1379,537,2.56797020484171,11.7866425383766,204,167,167,1,1,0,371,2,185.5,26.1629509039023,204,167,167,167,204,0,1008,535,1.88411214953271,3.51583229001595,53,53,0,1,1,0,,,,,,,,,,,,,,,,,,,,,,,,,,,,,,0.314579696005598,0.0416661849014037,,,,,,,,,,,,,,,,,,,,,,,,,,,,,,,,,,,35.0,374.666366666667,74.9278,0.0325,10.7047533333333,17.6648685800976,0.0,5171,696,244,,,,,,,,,,,,,,,
"allday#2025-10-25 00:00:00,2025-10-26 00:00:00",allday,2025-10-25 00:00:00,2025-10-26 00:00:00,1379,537,167,1379,537,2.56797020484171,11.7866425383766,204,167,167,1,1,0,371,2,185.5,26.1629509039023,204,167,167,167,204,0,1008,535,1.88411214953271,3.51583229001595,53,53,0,1,1,0,,,,,,,,,,,,,,,,,,,,,,,,,,,,,,0.314579696005598,0.0416661849014037,,,,,,,,,,,,,,,,,,,,,,,,,,,,,,,,,,,35.0,374.666366666667,74.9278,0.0325,10.7047533333333,17.6648685800976,0.0,912,31,69,,,,,,,,,,,,,,,
"allday#2025-10-26 00:00:00,2025-10-27 00:00:00",allday,2025-10-26 00:00:00,2025-10-27 00:00:00,1381,447,193,1381,447,3.08948545861298,12.1099614872816,193,193,193,1,1,1,317,2,158.5,48.7903679018718,193,193,193,124,124,0,1064,445,2.39101123595506,5.715468982228,89,89,0,1,1,1,,,,,,,,,,,,,,,,,,,,,,,,,,,,,,0.286663484701986,0.0,,,,,,,,,,,,,,,,,,,,,,,,,,,,,,,,,,,20.0,552.7567,150.530766666667,0.0279666666666667,27.637835,39.0347961065138,0.0,3209,49,278,,,,,,,,,,,,,,,
"allday#2025-10-27 00:00:00,2025-10-28 00:00:00",allday,2025-10-27 00:00:00,2025-10-28 00:00:00,28,10,7,28,10,2.8,1.68654808542314,7,7,7,1,0,0,7,1,7.0,,7,7,7,7,0,0,21,9,2.33333333333333,0.866025403784439,4,0,0,1,0,0,,,,,,,,,,,,,,,,,,,,,,,,,,,,,,0.0090276733953041,0.0,,,,,,,,,,,,,,,,,,,,,,,,,,,,,,,,,,,,,,,,,,61,16,4,,,,,,,,,,,,,,,
"evening#2025-10-20 17:00:00,2025-10-20 22:00:00",evening,2025-10-20 17:00:00,2025-10-20 22:00:00,197,55,70,197,55,3.58181818181818,10.4362099497125,70,70,35,1,0,0,105,2,52.5,24.7487373415292,70,70,35,35,35,0,92,53,1.73584905660377,2.41111962020381,11,0,0,1,0,0,0.0,0.0,,,0.0,1.0,1.0,9.0,9.0,9.0,9.0,,9.0,0.0,1162.0,1162.0,1.0,0.0,0.0,0.0,0.0,0.0,0.0,,0.0,,,,0.0,0.353313724421628,0.0,,,,,,,,,,,,,,,,,,,,,,,,,,,,,,,,,,,5.0,45.9111666666667,32.7446333333333,0.191083333333333,9.18223333333333,13.7715785392265,1020.31666666667,2149,32,191,,,,,,,,,,,,,,,
"evening#2025-10-21 17:00:00,2025-10-21 22:00:00",evening,2025-10-21 17:00:00,2025-10-21 22:00:00,325,115,55,325,115,2.82608695652174,6.96389292918942,55,55,43,1,0,0,98,2,49.0,8.48528137423857,55,55,43,43,43,0,227,113,2.00884955752212,3.15802711701591,32,32,0,1,0,0,,,,,,,,,,,,,,,,,,,,,,,,,,,,,,0.363313169452429,0.199988900616016,,,,,,,,,,,,,,,,,,,,,,,,,,,,,,,,,,,8.0,213.789466666667,127.31295,0.401466666666667,26.7236833333333,43.4597835526754,1020.0,1421,41,120,,,,,,,,,,,,,,,
"evening#2025-10-22 17:00:00,2025-10-22 22:00:00",evening,2025-10-22 17:00:00,2025-10-22 22:00:00,241,65,91,241,65,3.70769230769231,12.0891520030913,91,91,33,1,0,0,124,2,62.0,41.0121933088198,91,91,33,33,33,0,117,63,1.85714285714286,3.26198605076596,20,2,0,1,0,0,,,,,,,,,,,,,,,,,,,,,,,,,,,,,,0.313315944298425,0.0,,,,,,,,,,,,,,,,,,,,,,,,,,,,,,,,,,,9.0,37.5855,14.0396833333333,0.0692333333333333,4.17616666666667,4.89871642376716,1020.0,1306,32,106,,,,,,,,,,,,,,,
"evening#2025-10-23 17:00:00,2025-10-23 22:00:00",evening,2025-10-23 17:00:00,2025-10-23 22:00:00,181,63,47,181,63,2.87301587301587,7.16283432703271,47,47,34,1,1,0,81,2,40.5,9.19238815542512,47,47,34,34,34,0,100,61,1.63934426229508,1.69344606139125,13,13,0,1,0,0,0.0,0.0,,,0.0,0.0,0.0,0.0,0.0,0.0,0.0,,0.0,,,,0.0,3.0,2.0,122.333333333333,367.0,2.0,192.0,104.643840398436,192.0,0.724585685551656,1032.0,1041.0,2.0,0.329981686016426,0.0,,,,,,,,,,,,,,,,,,,,,,,,,,,,,,,,,,,8.0,96.0313166666667,23.3412666666667,0.0926,12.0039145833333,8.66193120642712,1032.16666666667,979,28,84,,,,,,,,,,,,,,,
"evening#2025-10-24 17:00:00,2025-10-24 22:00:00",evening,2025-10-24 17:00:00,2025-10-24 22:00:00,224,93,24,224,93,2.40860215053763,4.85045170272111,32,24,32,1,0,0,56,2,28.0,5.65685424949238,32,24,32,24,32,0,168,91,1.84615384615385,2.96993481755287,29,29,0,1,0,0,,,,,,,,,,,,,,,,,,,,,,,,,,,,,,0.309982795954824,0.0,,,,,,,,,,,,,,,,,,,,,,,,,,,,,,,,,,,4.0,53.7718666666667,30.15335,0.45435,13.4429666666667,12.3735551367063,1046.7,1031,34,86,,,,,,,,,,,,,,,
"evening#2025-10-25 17:00:00,2025-10-25 22:00:00",evening,2025-10-25 17:00:00,2025-10-25 22:00:00,522,249,78,522,249,2.09638554216867,6.03139860571994,78,78,29,1,0,0,107,2,53.5,34.6482322781408,78,78,29,29,29,0,415,247,1.68016194331984,3.18388523300068,31,31,0,1,1,0,,,,,,,,,,,,,,,,,,,,,,,,,,,,,,0.409977246262832,0.199988900616016,,,,,,,,,,,,,,,,,,,,,,,,,,,,,,,,,,,19.0,73.7357833333333,14.2234,0.0325,3.88083070175439,4.78256781622251,1021.1,3652,647,117,,,,,,,,,,,,,,,
"evening#2025-10-26 17:00:00,2025-10-26 22:00:00",evening,2025-10-26 17:00:00,2025-10-26 22:00:00,355,129,37,355,129,2.75193798449612,5.44866813965799,46,37,46,1,0,1,83,2,41.5,6.36396103067893,46,37,46,37,46,0,272,127,2.14173228346457,2.37287719482642,25,25,0,1,0,1,,,,,,,,,,,,,,,,,,,,,,,,,,,,,,0.326648537672826,0.0,,,,,,,,,,,,,,,,,,,,,,,,,,,,,,,,,,,8.0,167.332783333333,100.034133333333,2.68291666666667,20.9165979166667,32.3166342195942,1026.91666666667,872,22,80,,,,,,,,,,,,,,,
"morning#2025-10-20 05:00:00,2025-10-20 12:00:00",morning,2025-10-20 05:00:00,2025-10-20 12:00:00,130,45,49,130,45,2.88888888888889,8.5764535535124,49,49,49,1,0,0,83,2,41.5,10.6066017177982,49,49,49,34,34,0,47,43,1.09302325581395,0.293902598732179,2,0,0,1,0,0,,,,,,,,,,,,,,,,,,,,,,,,,,,,,,0.273798669647977,0.0,,,,,,,,,,,,,,,,,,,,,,,,,,,,,,,,,,,6.0,70.6517,18.5880833333333,0.0916666666666667,11.7752833333333,8.11632415531262,599.916666666667,721,38,52,6.0,0.0,0.0,0.0,0.0,70.6517,0.0,0.0,0.0,0.0,11.775283333333334,,,,
"morning#2025-10-21 05:00:00,2025-10-21 12:00:00",morning,2025-10-21 05:00:00,2025-10-21 12:00:00,142,69,49,142,69,2.05797101449275,5.98744779658199,49,49,49,1,0,0,64,2,32.0,24.0416305603426,49,49,49,15,15,0,78,67,1.16417910447761,0.447112450277472,3,0,0,1,0,0,,,,,,,,,,,,,,,,,,,,,,,,,,,,,,0.261894379663282,0.0,,,,,,,,,,,,,,,,,,,,,,,,,,,,,,,,,,,2.0,111.877516666667,89.6353166666666,22.2422,55.9387583333333,47.6541298002961,586.616666666667,707,45,51,,,,,,,,,,,,,,,
"morning#2025-10-22 05:00:00,2025-10-22 12:00:00",morning,2025-10-22 05:00:00,2025-10-22 12:00:00,199,99,48,199,99,2.01010101010101,4.73479294958155,48,48,48,1,0,0,48,1,48.0,,48,48,48,48,0,0,151,98,1.54081632653061,0.788687639512873,5,0,0,1,0,0,,,,,,,,,,,,,,,,,,,,,,,,,,,,,,0.261894379663282,0.0,,,,,,,,,,,,,,,,,,,,,,,,,,,,,,,,,,,3.0,123.316033333333,66.8912666666666,23.5922666666667,41.1053444444444,22.8041841917548,550.383333333333,707,34,60,,,,,,,,,,,,,,,
"morning#2025-10-23 05:00:00,2025-10-23 12:00:00",morning,2025-10-23 05:00:00,2025-10-23 12:00:00,127,65,43,127,65,1.95384615384615,5.23339866037946,43,43,43,1,0,0,43,1,43.0,,43,43,43,43,0,0,84,64,1.3125,0.814062904632322,6,0,0,1,0,0,,,,,,,,,,,,,,,,,,,,,,,,,,,,,,0.264275237660221,0.0,,,,,,,,,,,,,,,,,,,,,,,,,,,,,,,,,,,6.0,100.970966666667,63.6318333333333,2.63753333333333,16.8284944444444,23.6781080976093,570.366666666667,888,40,59,,,,,,,,,,,,,,,
"morning#2025-10-24 05:00:00,2025-10-24 12:00:00",morning,2025-10-24 05:00:00,2025-10-24 12:00:00,175,92,46,175,92,1.90217391304348,4.72789194622045,46,46,46,1,1,0,46,1,46.0,,46,46,46,46,0,0,129,91,1.41758241758242,0.870069397818793,5,0,0,1,1,0,,,,,,,,,,,,,,,,,,,,,,,,,,,,,,0.24522837368471,0.0,,,,,,,,,,,,,,,,,,,,,,,,,,,,,,,,,,,4.0,96.24865,51.06945,0.0776333333333333,24.0621625,21.5676116377268,601.033333333333,752,37,50,,,,,,,,,,,,,,,
"morning#2025-10-25 05:00:00,2025-10-25 12:00:00",morning,2025-10-25 05:00:00,2025-10-25 12:00:00,308,122,46,308,122,2.52459016393443,6.18611229835317,53,46,46,1,0,0,99,2,49.5,4.94974746830583,53,46,46,46,53,0,209,120,1.74166666666667,0.999964985381386,6,3,0,1,0,0,,,,,,,,,,,,,,,,,,,,,,,,,,,,,,0.257132663669405,0.0,,,,,,,,,,,,,,,,,,,,,,,,,,,,,,,,,,,3.0,77.9108666666666,40.448,10.07695,25.9702888888889,15.2349325902525,611.916666666667,608,33,46,,,,,,,,,,,,,,,
"morning#2025-10-26 05:00:00,2025-10-26 12:00:00",morning,2025-10-26 05:00:00,2025-10-26 12:00:00,344,114,50,344,114,3.01754385964912,6.24709837938992,50,50,50,1,0,0,86,2,43.0,9.89949493661167,50,50,50,36,36,0,258,112,2.30357142857143,3.08684884285509,20,20,0,1,0,0,,,,,,,,,,,,,,,,,,,,,,,,,,,,,,0.276179527644916,0.0,,,,,,,,,,,,,,,,,,,,,,,,,,,,,,,,,,,3.0,92.7647166666666,92.6265333333333,0.0279666666666667,30.9215722222222,53.4380796862913,576.416666666667,687,24,53,,,,,,,,,,,,,,,
"night#2025-10-20 22:00:00,2025-10-21 05:00:00",night,2025-10-20 22:00:00,2025-10-21 05:00:00,117,40,54,117,40,2.925,8.32169700395544,54,54,54,1,0,0,54,1,54.0,,54,54,54,54,0,0,63,39,1.61538461538462,0.814842077543884,4,0,0,1,0,0,,,,,,,,,,,,,,,,,,,,,,,,,,,,,,0.257132663669405,0.0,,,,,,,,,,,,,,,,,,,,,,,,,,,,,,,,,,,1.0,143.916633333333,143.916633333333,143.916633333333,143.916633333333,,1343.06666666667,729,27,53,,,,,,,,,,,,,,,
"night#2025-10-21 22:00:00,2025-10-22 05:00:00",night,2025-10-21 22:00:00,2025-10-22 05:00:00,216,86,48,216,86,2.51162790697674,5.61037733038783,48,48,48,1,0,0,73,2,36.5,16.2634559672906,48,48,48,25,25,0,143,84,1.70238095238095,0.740884556065214,4,3,0,1,0,0,,,,,,,,,,,,,,,,,,,,,,,,,,,,,,0.257132663669405,0.0,,,,,,,,,,,,,,,,,,,,,,,,,,,,,,,,,,,2.0,69.3299833333333,59.7206666666666,9.60931666666667,34.6649916666667,35.4340753994125,1320.0,512,31,33,2.0,0.0,0.0,0.0,0.0,69.3299833333333,0.0,0.0,0.0,0.0,34.66499166666665,,,,
"night#2025-10-22 22:00:00,2025-10-23 05:00:00",night,2025-10-22 22:00:00,2025-10-23 05:00:00,106,34,51,106,34,3.11764705882353,8.48086868721828,51,51,51,1,0,0,51,1,51.0,,51,51,51,51,0,0,55,33,1.66666666666667,0.595119035711905,3,2,0,1,0,0,,,,,,,,,,,,,,,,,,,,,,,,,,,,,,0.249990089678588,0.0,,,,,,,,,,,,,,,,,,,,,,,,,,,,,,,,,,,2.0,135.709766666667,106.66165,29.0481166666667,67.8548833333333,54.8810557318481,1320.0,675,31,47,,,,,,,,,,,,,,,
"night#2025-10-23 22:00:00,2025-10-24 05:00:00",night,2025-10-23 22:00:00,2025-10-24 05:00:00,148,49,47,148,49,3.02040816326531,7.12825889189864,47,47,47,1,0,0,69,2,34.5,17.6776695296637,47,47,47,22,22,0,79,47,1.68085106382979,1.14410365482677,5,0,0,1,1,0,0.0,0.0,,,0.0,0.0,0.0,0.0,0.0,0.0,0.0,,0.0,,,,0.0,1.0,1.0,247.0,247.0,247.0,247.0,,247.0,0.0,1361.0,1361.0,1.0,0.280941243638794,0.0,,,,,,,,,,,,,,,,,,,,,,,,,,,,,,,,,,,2.0,145.754933333333,120.842733333333,24.9122,72.8774666666666,67.8331306428421,1358.61666666667,886,30,63,,,,,,,,,,,,,,,
"night#2025-10-24 22:00:00,2025-10-25 05:00:00",night,2025-10-24 22:00:00,2025-10-25 05:00:00,293,83,62,293,83,3.53012048192771,7.42168436177361,62,62,62,1,0,0,62,1,62.0,,62,62,62,62,0,0,231,82,2.81707317073171,3.61112153427722,24,0,0,1,0,0,,,,,,,,,,,,,,,,,,,,,,,,,,,,,,0.285702959632672,0.0,,,,,,,,,,,,,,,,,,,,,,,,,,,,,,,,,,,1.0,189.147816666667,189.147816666667,189.147816666667,189.147816666667,,1320.28333333333,756,26,63,,,,,,,,,,,,,,,
"night#2025-10-25 22:00:00,2025-10-26 05:00:00",night,2025-10-25 22:00:00,2025-10-26 05:00:00,417,112,65,417,112,3.72321428571429,9.77605994937879,66,65,65,1,0,0,65,1,65.0,,65,65,65,65,0,0,352,111,3.17117117117117,7.87386225417405,66,66,0,1,0,0,,,,,,,,,,,,,,,,,,,,,,,,,,,,,,0.26874067805773,0.0,,,,,,,,,,,,,,,,,,,,,,,,,,,,,,,,,,,3.0,178.04975,161.5682,6.27875,59.3499166666668,88.5453704482107,1338.03333333333,857,33,67,,,,,,,,,,,,,,,
"night#2025-10-26 22:00:00,2025-10-27 05:00:00",night,2025-10-26 22:00:00,2025-10-27 05:00:00,133,53,25,133,53,2.50943396226415,3.43971511292071,25,25,25,1,1,0,25,1,25.0,,25,25,25,25,0,0,108,52,2.07692307692308,1.39812414728511,6,0,0,1,0,0,,,,,,,,,,,,,,,,,,,,,,,,,,,,,,0.123804615840824,0.0,,,,,,,,,,,,,,,,,,,,,,,,,,,,,,,,,,,2.0,93.757,50.5132833333333,43.2437166666666,46.8785,5.14035988628769,1320.0,396,28,33,,,,,,,,,,,,,,,
"wkdy#2025-10-20 00:00:00,2025-10-25 00:00:00",wkdy,2025-10-20 00:00:00,2025-10-25 00:00:00,3673,1324,839,3673,1324,2.77416918429003,29.7136176739377,839,839,839,1,1,0,1516,2,758.0,114.551298552221,839,839,839,677,677,0,2157,1322,1.63161875945537,3.075580647265,81,81,0,1,1,0,1.0,1.0,947.0,947.0,1.0,1.0,1.0,9.0,9.0,9.0,9.0,,9.0,0.0,1162.0,1162.0,1.0,8.0,3.0,127.5,1020.0,1.0,396.0,148.625127658241,2.0,1.39489960838914,1032.0,793.0,5.0,0.294304874975532,0.0083333140625445,,,,,,,,,,,,,,,,,,,,,,,,,,,,,,,,,,,125.0,2067.36888333333,147.246666666667,0.0538666666666667,16.5389510666667,28.7016740113757,599.916666666667,10000,142,815,125.0,0.0,0.0,0.0,0.0,2067.36888333333,0.0,0.0,0.0,0.0,16.538951066666638,,,,
"wkdy#2025-10-27 00:00:00,2025-11-01 00:00:00",wkdy,2025-10-27 00:00:00,2025-11-01 00:00:00,28,10,7,28,10,2.8,1.68654808542314,7,7,7,1,0,0,7,1,7.0,,7,7,7,7,0,0,21,9,2.33333333333333,0.866025403784439,4,0,0,1,0,0,,,,,,,,,,,,,,,,,,,,,,,,,,,,,,0.0018055513802179,0.0,,,,,,,,,,,,,,,,,,,,,,,,,,,,,,,,,,,,,,,,,,61,16,4,,,,,,,,,,,,,,,
"wkend#2025-10-25 00:00:00,2025-10-27 00:00:00",wkend,2025-10-25 00:00:00,2025-10-27 00:00:00,2760,974,360,2760,974,2.83367556468172,16.7320659291809,360,360,360,1,1,1,688,2,344.0,22.6274169979695,360,360,360,328,328,0,2072,972,2.13168724279835,6.30687461324142,142,142,0,1,1,1,,,,,,,,,,,,,,,,,,,,,,,,,,,,,,0.300338435158182,0.0204080476891177,,,,,,,,,,,,,,,,,,,,,,,,,,,,,,,,,,,54.0,927.406416666667,161.5682,0.0279666666666667,17.1741929012346,32.476733371047,0.0,9292,721,591,,,,,,,,,,,,,,,
